S10F4000C6217B0010CF4000167603CED2
S111400C225A8E25EB2704693020F7CED0000F
S111401ACD10008EE25A2706180A307020F5E9
S108402816402D20FEEE
S10A402D4A93D9384A944478
S1094034384A9477384A73
S109403A948B384A94EA5D
S10B4040384A80003810EF4AF1
S1094048B1DE384A8000DD
S109404E394AAF60384A54
S1104054B2AC38180B47003C200E180B5579
S1104061003F180BAA003F4A82DA3920F014
S104406E3D10
S2120E0000180B280110180B0900120A3B1BF1F4
S2120E000E7419F09318024084EC8484FFC4FC30
S2120E001C6C8419F0881800400000EDF093ADCD
S2120E002A84272E1AF0881800000000201DEC09
S2120E0038F08819886D80E380B746E6F3000464
S2120E00466B40ED84026D84EDF088026DF0883E
S2110E0054ED84ADF09326DC1AF08A1800003D
S2120E006100002025ECF08819886D80E380B72D
S2120E006F46ECF08AE3F091B745E6006B40EDE6
S2120E007DF08A026DF08AEDF088026DF088EDC6
S2120E008BF08AADF08C2DD3ECF0888400C40302
S2120E00998C0000273A1AF09318020084EC84AE
S2120E00A784FFC4FC6C84201DECF08819886D56
S2120E00B580E380B746ECF088E384B745E6009D
S2120E00C36B40EDF088026DF088ECF08884003D
S2120E00D1C4038C000026D71AF0931802008483
S2120E00DFECF09384FFC4FC6CF0931AF08A18B3
S2120E00ED000000002032ED86EEF0936D001837
S2120E00FB0B400116180B8001151F011580FB19
S2120E0109180B55003F180BAA003FECF08AC3E9
S2120E011700046CF08AECF093C300046CF093B8
S2120E0125EDF08AADF0882DC61AF093180284FF
S2120E013300ECF09384FFC4FC6CF0931AF08A76
S2120E0141180000000018200060ECF08A1988E6
S2120E014F6D80E380B746E64087B746CC0100CB
S2120E015D136C82ECF08A1A896E80E380B74629
S2120E016BE64087B746EC826D80E3806C86B762
S2120E017946EEF0936D00180B200116180B8044
S2120E018701151F011580FB180B55003F180BB7
S2120E0195AA003FECF08AC300026CF08AECF073
S2120E01A393C300026CF093EDF08AADF0881850
S20B0E01B12DFF961BF08E0ACF
S105D00000002A
S104D0020821
S2120E01B83B1B976984EC89B701876B80E68A3D
S2120E01C66B81CD406F6D821820004E1802829F
S2120E01D487EC82C300086C82ED87026D8718DA
S2120E01E20A4086ED87026D87180A4085E6866F
S2120E01F0C1FF260BE685C1FF2605CC00FF20BC
S2120E01FE2BE686E1812618E685E1802612EDB8
S2120E020C87026D87E6F30007E18F2605E6846F
S2120E021A87200D6284E684C1FF1825FFAACC4D
S2120E022800FF1B8B0A1B9D180B802276698228
S2120E0236202BCD227AE682876D80E380B746B7
S2120E0244EC883BEC883B1B83336B40EC883B10
S2120E0252EC883BCC00081670AA3A6C883A6C04
S2110E0260886282E682C10425CFCC22724A47
S2100E026D91AB3887C1002607CC88014AEA
S2110E02798E4B381B830A3B1B94E6F3000CDD
S2120E0286C4E06B8BEC8CC30002B746E64087D6
S2120E02946C89B710C7B746EE8C08E600876D6D
S2120E02A284E3846C89EC8CC30003B746180AFE
S2110E02B04088ED8C02180D402277EC8CC3B2
S2120E02BD0002B746180D402278EC8CC30003E4
S2120E02CBB746180D402279E68BC1402708E68E
S2120E02D98BC1201826027AE688876C80EC8988
S2110E02E74A81B8386B87C1FF1824014AE61D
S2120E02F48BC1402635CD00086D82CD406FE6DC
S2120E030287875959596D84E3846C80CC227619
S20C0E03104AB5A439CC22724A4C
S2100E031891AB3887C1002607CC88024A3D
S2110E03248E4B38CC000118200248ED898D56
S2110E03312100182600FFF62286FB2287FB11
S2120E033E2288FB2289C4FFC100182600EBE6BB
S2120E034C88C10018260077F6228687B746CCA4
S2120E035A010013B746F6228787B745B7646EC6
S2120E036884E384B7467D2371180C228823701A
S2100E0376180C2289236FF62370B716FEB3
S2120E03822371B7616B00180B60227679227716
S2100E0390180B212278792279180C228690
S20E0E039C227A180C2287227B180C1A
S20C0E03A62288227C180C228925
S20C0E03AE227DCC22724A91ABAF
S2100E03B63887C1002607CC88024A8E4B02
S2110E03C238CC0001182001ACE688C10118E9
S2120E03CF260064F6228687B746CC010013B7CA
S2120E03DD46F6228787B745B7646E84E3847CA7
S2110E03EB2373FD23731540180B60227679E0
S2120E03F82277180B212278180B012279180C8A
S20C0E04062286227A180C2287CA
S20E0E040E227B180C2288227C180CA4
S20C0E04182289227DCC22724AD5
S2100E042091AB3887C1002607CC88024A34
S2110E042C8E4B38CC000118200140CC00008D
S2120E043918200139ED898D10012646E688C181
S2120E0447002640E68BC1402625180B4F227667
S20E0E0455180C236E227ACC22724A8F
S2100E045F91AB3887C1002607CC88024AF5
S2110E046B8E4B38CC000118200101180080C1
S2100E0478060118008200024A822D38CCC5
S2110E04840000182000ECED898D10171826CC
S2120E0491009EE688C10018260096E68BC14037
S2120E049F262E180B4B2276F623697B227AFC4D
S2100E04AD2368B701877B227BCC22724AA4
S2100E04B991AB3887C1002607CC88024A9B
S2100E04C58E4B38CC0001182000A7E6F382
S2120E04D1000CC12B2647EC8CC30005B746E682
S2110E04DF40877C2368EC8CC30004B746B63D
S2110E04EC2369E6407C2368180B60227679A3
S20D0E04F9227A79227B79227C79A5
S20C0E0502227DCC22724A91AB59
S2100E050A3887C1002607CC88024A8E4BAC
S2110E051638CC000118200058180080060191
S2110E052318008200004A822D38CC00002001
S2120E053045E688C10026101800800602180048
S2100E053E8200004A822D38200E18008025
S2100E054A060918008200114A822D38CCDB
S2110E05560000201CE68BC1802713180080C5
S2100E0563050418008200014A822D38CCD8
S2120E056F00002003CC00011B8E0A1B93698C25
S2120E057D182000C9E68C87B746CC001613B7BA
S2120E058B46CE22AAB7646E84E384B746ED40D1
S2110E05998D0000182700A8E68C87B746CC0C
S2120E05A60016136C8ACD22AC6D84E384B74625
S2120E05B4E640876C82EC8ACD22BF6D84E3840F
S2120E05C2B746E64087B746CE2375B7646E84FE
S2120E05D0E3846C80EC8ACD22AE6D84E3844A02
S20A0E05DEB5A4394A927125
S2110E05E438B7456E88E68C87B746CC0016F5
S2120E05F113B746CE22B8B7646E84E384B746C0
S2120E05FFEC88830002B7456E40E68C87B74642
S2120E060DCC001613B746CE22BEB7646E84E33C
S2110E061B84B746CC00026B404A927138B789
S2120E0628456E86E68C87B746CC001613B74690
S2120E0636CE22BCB7646E84E384B746EC868391
S2120E064400026C40628CE68CC1081825FF2F53
S2120E0652180B0810021B8D0A3B1B96E68B87B4
S2120E0660B746CC001613B746CE22BEB7646E53
S2110E066E80E380B746CC00016B404A9271C7
S2110E067B38B7456E88E68B87B746CC00165E
S2120E068813B746CE22BAB7646E80E380B7462E
S2120E0696EC88E340B7466D86E68B87B745CCFC
S2120E06A40016B75613B746CE22BCB7646E804D
S2110E06B2E380B746EE866E404A927138B76A
S2120E06BF456E84F6100287B746CC001613B7AB
S2120E06CD46CE22B6B7646E80E380B746EC8447
S2110E06DBE340B7466D82F6100287B745CC99
S2120E06E80016B75613B746CE22B8B7646E800D
S2120E06F6E380B746EE826E40E68B87B746CCA4
S2120E0704001613B746CE22AAB7646E80E380A8
S2110E07124A91AB3887C1002607CC88014AF5
S2100E071F8E4B381B8C0A3B1B9D180D8958
S2110E072B236C79236D180583236618058A46
S2120E07382368E68987C30700B7467D235A1846
S20F0E07460B01235C79235E79236EF610
S2120E0751236C87C305807C2272180B08227458
S2120E075F6982201DE68287B746CC001613B7B9
S2110E076D46CE22AAB7646E80E380B746CE55
S2120E077A00006E406282E682C10825DD6982AE
S2120E07882015CD228AE6828759596D80E380B1
S2120E0796B746CE00006E406282E682C108258F
S2110E07A4E5EC834A92C73887C1002607CCC5
S2100E07B188024A8E4B38CC00004A935A41
S2100E07BD3887C1002607CC88034A8E4BF6
S2100E07C938E68987C306004A935A388724
S2110E07D5C1002607CC88034A8E4B38180B41
S2120E07E2FF10021B850A3B1B9CE685C10125F7
S2120E07F014E685C108220EF6236CC1012507FD
S2110E07FEF6236CC17F2307CC88044A8E4B71
S2110E080B38E68EC13F2507CC89044A8E4B79
S2110E0818386385CD228CE6858759596D8094
S2120E0825E380B746E68C6B40CD228DE68587C7
S2120E083359596D80E380B746E68E6B40ED8910
S2120E08418D00002632E68587B746CC010013E2
S2120E084FC30200B746F6236C87B745B7646E35
S2120E085D80E380B7466D82CE228AE6858759E6
S2120E086B596E80E380B746EE826E402012CDA8
S2120E0879228AE6858759596D80E380B746EED3
S2120E0887896E40CD228AE6858759596D80E32C
S2110E089580B746EC404A935A3887C10026BD
S2110E08A207CC88054A8E4B381B860A3B1B7A
S2120E08AF9CE685C1012530E685C108222AF694
S2120E08BD236CC1012523F6236CC17F221CE698
S2120E08CBF010C1012515E6F010C108220EED44
S2120E08D98B8D0000260EED8D8D00002607CCB2
S2110E08E788064A8E4B38E6F012C13F2507F4
S2100E08F4CC89064A8E4B386385ED898D44
S2120E09000000263CE68587B746CC010013C3E2
S2120E090E0180B746F6236C87B745B7646E8039
S2120E091CE380B7466D82E68587B745CC00169B
S2120E092AB75613B746CE22AAB7646E80E38089
S2120E0938B746EE826E40201AE68587B746CC8E
S2120E0946001613B746CE22AAB7646E80E38064
S2120E0954B746EE896E40E68587B746CC00168F
S2120E096213B746CE22ACB7646E80E380B7465F
S2120E0970E6F0106B40E68587B746CC001613F1
S2120E097EB746CE22BFB7646E80E380B746E65D
S2120E098CF0126B40E68587B746CC001613B702
S2120E099A46CE22B6B7646E80E380B746EE8B6E
S2120E09A86E40E68587B746CC001613B746CED1
S2120E09B622BAB7646E80E380B746EE8D6E40B2
S2120E09C41B860A1BF1EC69F0121F23E42007B7
S2120E09D2FD1000027D1000FD10008D00022F9D
S2110E09E0044AB2AC38F61002C1FF26324AA9
S20B0E09ED927138F323687CBB
S20C0E09F4236ACC235A4A91AB8C
S2100E09FC3887C1002607CC88014A8E4BB7
S20D0E0A0838180B05235E4A8579A9
S2110E0A1138180B081002CC0001182003B395
S2100E0A1ECC227E4A90F73887C1001827BD
S2110E0A2A0117FD227E8D000018260071F6C5
S2120E0A372283F1236C2707F62283C100266267
S2120E0A45F62282876CF0108C0001272AEDF048
S2120E0A53108D0002272DEDF0108D00012D3FA8
S2120E0A61EDF0108D00802724EDF0108D008134
S2120E0A6F2723EDF0108D008227212025180B70
S2100E0A7D05235E4A857938201A180B04F3
S2120E0A89235E2013180B7F235E200C4A8E531E
S2100E0A973820064A8E5B3810EFCC0001AB
S2120E0AA31820032AF6235EC104271DF6236CC8
S2110E0AB187C30600BC227E2611CC22824A88
S2110E0ABE827F386BF013CC00011820030663
S2120E0ACBF6235EC1051826006F69F01318207C
S2120E0AD9005FCD228AE6F0138759596D84E32E
S2120E0AE784B746FE227EAE402646E6F0138705
S2120E0AF559596C8ECD228C6D84E384B746E67E
S2120E0B0340876C82CD22826D80EC8ECD228DC8
S2120E0B116D84E384B746E64087B746CE23755E
S2110E0B1FB7646E84E3844AB5A4391AF01349
S2120E0B2C180800081AF0121808000162F013DE
S2120E0B3AE6F013C1081825FF98F6235EC105D7
S2120E0B4818260249721002F61002C108250386
S2120E0B56791002F6100287B746CC001613B7BB
S2120E0B6446CE22AAB7646E84E384B746ED40F2
S2120E0B728D00001827021CF6100287B746CC20
S2120E0B800016136C8CCD22B66D84E384B74639
S2120E0B8EED408D000018270067EC8CCD22B8C7
S2110E0B9C6D84E384B746EC404A928138879C
S2120E0BA9C1002751F6100287B746CC00161371
S2120E0BB76C8ACD22AC6D84E384B746E640878A
S2120E0BC56C82EC8ACD22BF6D84E384B746E6C2
S2120E0BD34087B746CE2375B7646E84E3846CF7
S2110E0BE180EC8ACD22AE6D84E3844AB5A466
S20C0E0BEE39F61002874A865AFA
S2110E0BF638CC0001182001D3F6100287B788
S2120E0C0346CC001613B746CE22BAB7646E84E1
S2120E0C11E384B746ED408D000018270177F6F7
S2120E0C1F100287B746CC001613B746CE22BE7E
S2120E0C2DB7646E84E384B746E640C100236AC1
S2110E0C3BF6100287B746CC001613B746CE4D
S2110E0C4822BCB7646E84E384B746EC404AC7
S2110E0C5592813887C1002748F6100287B737
S2120E0C6246CC001613B746CE22BEB7646E847E
S2120E0C70E384B746E640C102260FF610028752
S2100E0C7E4A865A38CC000118200148F6B1
S2120E0C8A100287B746CC001613B746CE22BE13
S2120E0C98B7646E84E384B746CC00006B40F65D
S2120E0CA6100287B746CC001613B746CE22BEF7
S2120E0CB4B7646E84E384B746E640C102182489
S2120E0CC200D1F6100287B746CC0016136C88CB
S2120E0CD0CD22AC6D84E384B746E640876C8278
S2120E0CDEEC88CD22BF6D84E384B746E64087D1
S2120E0CECB746CE2375B7646E84E3846C80EC38
S2110E0CFA88CD22AE6D84E3844AB547398C52
S2110E0D07000018270088F6100287B746CCAD
S2120E0D140016136C86CD22AC6D84E384B746B3
S2120E0D22E640876C82EC86CD22BF6D84E3849D
S2120E0D30B746E64087B746CE2375B7646E8488
S2120E0D3EE3846C80EC86CD22AE6D84E3844A90
S2110E0D4CB5A439F6100287B746CC00161374
S2120E0D59B746CE22BEB7646E84E384B746E677
S2110E0D6740C100260DF61002874A865A3847
S2120E0D74CC00012058F6100287B746CC0016AB
S2120E0D8213B746CE22BEB7646E84E384B74621
S2120E0D90CC00026B40FD23688D00002730FC61
S2100E0D9E236A4A92813887C1002724CCB5
S2100E0DAA235A4A91AB3887C1002607CCAE
S20D0E0DB688014A8E4B384A9271F0
S2110E0DBF38F323687C236A1AF01218080019
S2120E0DCC01E6F012871BF0140A1B9C1D23E492
S2110E0DDA40180B0101401803003023E2F60E
S2120E0DE70141C5012608FD23E28D000026F10F
S2120E0DF51C0257031C02520218008000001843
S2120E0E0300820000ED82026D828D00322DF60A
S2120E0E11F60250C8027B0250ED80026D808DF8
S2120E0E1F00342DDF1803000010001D23E42003
S2120E0E2D1D0257031D0140011803003023E27C
S2120E0E3B1F01410108FD23E28D000026F31B69
S2060E0E49840A06
S104D0030127
S111406F4300100091010F004F1810000400D0
S111407D00004318100153545243431810021C
S111408B020001004318100300000100431856
S11140991004FFFFFFFF4F182000030000007B
S11140A7431820014153450143182002504F95
S11140B5434D43182003200001004F0021005A
S11140C304000000430021014C495155430004
S11140D1210249442043430021034F4154453A
S11140DF430021045220203257FFFFFFFFFF51
S10540EDFFFFCF
S2110E0E4B3B4AB2AC381B820A180B01003C65
S2120E0E5820FE0A1B931410F61003C101261D71
S2120E0E66698C2013CD2375E68C876D8AE38A81
S2120E0E74B746CC00006B40628CE68CC13F2564
S2120E0E82E7791003698C2013CD1007E68C87D7
S2120E0E906D8AE38AB746CC00806B40628CE615
S2110E0E9E8CC10825E710EFCD00006D82CD4B
S2100E0EAB006E6D80CC007D4A872538CD89
S2120E0EB700376D84CD00086D82CD00006D8074
S2110E0EC5CC00014A87E838CD00226D84CDA2
S2110E0ED200036D82CD01806D80CC00024ABB
S2110E0EDF87E838CD00316D84CD00066D829B
S2110E0EECCD01FE6D80CC00034A87E838CDA0
S2120E0EF900286D84CD00016D82CD01EA6D805D
S2110E0F07CC00044A87E838CD00296D84CD55
S2110E0F1400026D82CD04216D80CC00054AD2
S2110E0F2187E838CD002B6D84CD00056D825F
S2110E0F2ECD05216D80CC00064A87E838CD33
S2120E0F3B001A6D84CD00016D82CD01E16D8031
S2110E0F49CC00074A87E838CD00006D88CD35
S2120E0F5600016D86CD00646D84CD00006D82A8
S2110E0F64CD02006D80CC00014A88AD38CD60
S2120E0F7100016D88CD00016D86CD00646D8486
S2120E0F7FCD00006D82CD037C6D80CC00024A44
S2110E0F8D88AD38CD00076D88CD00026D864C
S2120E0F9ACD00646D84CD00006D82CD036A6DB1
S2110E0FA880CC00034A88AD38CD000A6D8857
S2120E0FB5CD00086D86CD00646D84CD00006DF7
S2110E0FC382CD037E6D80CC00044A88AD38CA
S2120E0FD0CD00126D88CD00086D86CD00646DC6
S2120E0FDE84CD00006D82CD047E6D80CC0005A5
S2110E0FEC4A88AD38CD001B6D88CD00026D15
S2120E0FF986CD00646D84CD00006D82CD046A38
S2100E10076D80CC00064A88AD381B8D0AA2
S105D004000026
S104D0060025
S2120E10133B1B9E63830D83F8E683876C808CF2
S2120E10210000273DED808D0001274AED808DE4
S2120E102F00022757ED808D00032762ED808DA0
S2110E103D00041827006BED808D00051827A7
S2120E104A0074ED808D00061827007DED808D5B
S2120E105800071827008618200092EC874949DC
S2120E1066497B0154EC894949497B01501820FC
S2120E1074007EEC874949497B0155EC894949B7
S2120E1082497B01511820006AEC874949497BCC
S2120E10900156EC894949497B01522058EC87DF
S2120E109E4949497B0157EC894949497B015364
S2120E10AC2046EC874949497B015CEC89494990
S2120E10BA497B01582034EC874949497B015D7D
S2120E10C8EC894949497B01592022EC8749499B
S2120E10D6497B015EEC894949497B015A201080
S2120E10E4EC874949497B015FEC894949497BF7
S2120E10F2015B1B840A3B1B981F014401022063
S2120E110004182000A0F60160871672843A6C62
S2120E110E843A6C84EC843BEC843BCC000816D2
S2120E111C70863A6C843A6C84EC843BEC843B12
S2120E112AF601618716728416704F3A6C843A80
S2120E11386C84EC843BEC843BCC00051670AA4F
S2120E11463A6C843A6C84F6016CC40F6B8669A4
S2120E115487201EEC88C30004B746E687876D1C
S2120E116280E380B746E68787C30164B745E68E
S2120E1170006B406287E687E18625DC180B01D1
S2120E117E0144EC843BEC843B1B8231EE886D04
S2120E118C00E686B716EC88C30002B745B761BC
S2120E119A6B001C014401CC00012003CC0000AB
S2120E11A81B8A0A3B1B966986EC8AC30002B7AA
S2110E11B646180A4087CE0005ECF3000A1618
S2120E11C36EB0B746351800AE00003A6C843A91
S2120E11D16C84180301E823E2F60146C10026E0
S2120E11DF08FD23E28D000026F1F60146C10043
S2110E11ED2607CC000018200078180C0146CE
S2120E11FA014A180988014AEC843BEC843B1B24
S2120E120882317D017069892022EC8AC30004B3
S2120E1216B746E689876D80E380B746E640B79A
S2120E122416E68987C30174B745B7616B006284
S2120E123289E689E18725D8180D87017C180DF0
S2120E124086017D180D880146180301E823E28C
S2110E124EF60146E488E1882708FD23E28DB0
S2110E125B000026EFFD23E28D000026041C89
S2120E126823E420CC00011B8C0A1B9E141018CB
S2120E12760180100410EFEC801B820A3B1B9EBC
S2120E12841410180180100410EFED82026D8219
S2120E1292ED80AD822313EC80A3828C800024A8
S2120E12A005CC00012016CC00002011EC82A317
S2120E12AE808C80002305CC00012003CC0000AF
S2120E12BC1B840AFD1004027D10040A3B1B9EC6
S2120E12CA6980180B010140180301E823E2F6B6
S2120E12D80141C5012608FD23E28D000026F119
S2110E12E6180B800141180BC10142180B3A7F
S2120E12F30143ED828D007D260E180B43014240
S2120E1301180B490143180880017910061808CB
S2120E130F81012011CD0000E68187C30150B784
S2120E131D45B7616B006281E681C11023E918A8
S2120E132B0B20014B790140180301E823E21F48
S2110E133901410108FD23E28D000026F3FCA5
S2120E13460044C302EDB7467D00561C004C0850
S20A0E1354E680871B840AEA
S105D007808023
S105D009808021
S105D00B80801F
S105D00D80801D
S2120E135A3B1B976988EC898400C47F6B87184E
S2120E136808860869882019CD1007E688876D5E
S2120E137684E384B746E640E1872605CC0001E8
S2120E138420506288E688E18625E1F61006C146
S2120E1392082505CC0000203C180B0101401F5C
S2120E13A0014101FBED896D82CDFF806D80F65A
S2110E13AE1006874A901338790140F601416B
S2120E13BBC50126F9CD1007F61006876D84E3E1
S2120E13C984B746E6876B40721006CC00011BFA
S2060E13D78B0A6C
S104D00F3CE0
S107D0100000000018
S105D01403D043
S105D01607A16C
S104D0180013
S104D0190111
S11140EF0B1BF1EEF60160871672843A6C8C9E
S11040FD3A6C8CEC8C3BEC8C3BCC00081630
S111410A70863A6C8C3A6C8CEC8C3BEC8C3BE3
S1114118F601618716728416704F3A6C8C3A69
S11141266C8CEC8C3BEC8C3BCC00051670AA28
S11141343A6C8C3A6C8CF6016CC40F6BF01074
S111414269F0112021EC8EC30004B746E6F0AC
S110415011876D80E380B746E6F01187C348
S111415D0164B745E6006B4062F011E6F01114
S111416BE1F01025D7180B010144EC8C3BEC5D
S11141798C3B1B8231EE8E6D00E6F010B71603
S1114187EC8EC30002B745B7616B001BF0124B
S11141950B0B180B01004EF6250CC15A231A11
S11141A3FC0050C30138B7467D0050F60049B9
S11141B1C4FCCA037B0049180B0100410B1823
S11041BF0B08004E180B0124F20B180B1016
S11141CC004EFC0058B323C5B7467D23C71828
S11041DA04005823C51800AE003C1800AEC8
S11041E700001800AE71B01800AE000BFD12
S11141F423C7351800AE00001670F51670BC17
S1114202166F90307E23C1307E23C31801AEA8
S111421023C31801AE23C11800AE000018002D
S111421EAE447A16736A2C0C1803000023C1F8
S111422C1803000023C3180300F423DA0B1850
S111423A0B20004EFC005AC302ED7C005A4AD1
S110424892BF380B180B80004E1F0240205F
S1114255111D004AC01C004A40FD23CC037D0D
S110426323CC200F1D004AC01C004A80FD22
S111427023CC027D23CC0B1B94180B8000374B
S110427E1801AE10121801AE10101800AE99
S111428B00011800AE000016700E317D1010F8
S1104299317D101218018A23D6ED8A037DB1
S11042A623D6ED8A8D0000261E18030004A7
S11042B323D6F6250EF1250D2405180B6405
S10E42C0250EF6250EF1250D230379D1
S11142CB250EFD23DC8D00002716FD23DC03E9
S11142D96D8818058823DCED888D000026040E
S11042E71D000040FD23DE8D00002722FD98
S11042F423DE036D8618058623DEED868D1E
S1114301000026107900BF7900C07900C17950
S111430F00C31D00000FFD25108D00002707C0
S10F431DFD2510037D2510FD23CE027D3C
S111432923CEFD23E28D00002716FD23E203C0
S11143376D8418058423E2ED848D00002604B5
S11043451D23E408FD23E08D00002707FD83
S111435223E0037D23E0FD23D48D0000270724
S1114360FD23D4037D23D4FD23D28D0000273A
S111436E07FD23D2037D23D2FD23B58D00006D
S110437C2707FD23B5037D23B5FD23C98D5F
S111438900002715FD23C9037D23C9FD23C9A8
S11143978D00002606180302DC23D0FD23D07F
S11043A58D00002707FD23D0037D23D0FDEC
S11143B210168D00002731FD1016037D101625
S11143C0FD10168D00002622FD23B58D000091
S11143CE27057223B420067923B4791018F65B
S11143DC23B4C10923087323B4180B0110186D
S11043EAFD23BF8D00002707FD23BF037DC9
S11143F723BF1801AE23BD1801AE23BB18006E
S1114405AE00001800AE0000166FEF271F185F
S111441301AE23BD1801AE23BB1800AE00019C
S11144211800AE0000167023307E23BB307EE0
S111442F23BDFD23DA8D00002709FD23DA03E7
S111443D7D23DA2013F61019C100260C180393
S111444B000023C11803000023C3FD23D88DF5
S111445900002F07FD23D8037D23D81801820D
S11144671014ED82037D1014ED828D000026EA
S111447537180303D01014F6100F876C80B7AD
S11144834603B7617B100FED808D0000260507
S1114491180B3C100FFD250A8D00002709FDB5
S111449F250A037D250A200618030003250ABA
S10644AD1B8C0B56
S109FF8040EF40EF40EFEA
S109FF8640EF40EF40EFE4
S109FF8C40EF40EF40EFDE
S109FF9240EF40EF40EFD8
S109FF9840EF40EF40EFD2
S109FF9E40EF40EF40EFCC
S109FFA440EF40EF40EFC6
S109FFAA40EF40EF40EFC0
S109FFB040EF40F040EFB9
S109FFB640EF40EF40EFB4
S109FFBC40EF40EF40EFAE
S109FFC240EF40EF40EFA8
S109FFC840EF40EF40EFA2
S109FFCE40EF40EF40EF9C
S109FFD440EF40EF40EF96
S109FFDA40EF40EF40EF90
S109FFE0424C40EF4239DF
S109FFE641C941BE40EFD9
S109FFEC40EF419742774B
S109FFF2419640EF40EFD0
S10BFFF840EF400040EF40001F
S104D01A0011
S11144B0004F46462C204F4E0031322C323441
S11144BE0020202053544F502C2045585445C4
S11144CC4E442C524554524143540042415335
S11144DA452C2049534F2C204F464600434C9E
S11144E845414E45522C4C494E204143540050
S11144F64C49515549442C2020204642450093
S11145044E45472C504F5300202C412C422C86
S1114512432C442C452C462C472C482C492C79
S11145204A2C4B2C4C2C4D2C4E2C4F2C502C3A
S111452E512C522C532C542C552C562C572CFB
S111453C582C592C5A2C302C312C322C332C68
S111454A342C352C362C372C382C392C2E2CB6
S11145583C2C3E2C3B2C3A2C402C282C292C9D
S11145662D2C2D00302C312C322C332C342CE7
S10F4574352C362C372C382C392C2D001B
S104D01B010F
S104D01C10FF
S104D01D010D
S104D01E000D
S107D01F41200000A8
S107D0233F80000046
S107D0270000000001
S107D02B412000009C
S104D02F00FC
S104D03002F9
S106D03131300097
S10CD034000000000000000000EF
S105D03D44B0F9
S105D03F0000EB
S104D04100EA
S104D04200E9
S107D0434120000084
S107D0473F80000022
S107D04B00000000DD
S107D04F4120000078
S104D05300D8
S104D05402D5
S106D05531300073
S10CD058000000000000000000CB
S105D06144B0D5
S105D0630000C7
S104D06500C6
S104D06600C5
S107D06742C80000B7
S107D06B3F800000FE
S107D06F00000000B9
S107D07342C80000AB
S104D07700B4
S104D07803B0
S107D079313030001E
S10BD07D0000000000000000A7
S105D08544B0B1
S105D0870000A3
S104D08900A2
S104D08A00A1
S107D08B42C8000093
S107D08F3F800000DA
S107D0930000000095
S107D09742C8000087
S104D09B0090
S104D09C038C
S107D09D31303000FA
S10BD0A1000000000000000083
S105D0A944B08D
S105D0AB00007F
S104D0AD007E
S104D0AE007D
S107D0AF42480000EF
S107D0B33F800000B6
S107D0B70000000071
S107D0BB42C8000063
S104D0BF006C
S104D0C00368
S107D0C120353000E2
S10BD0C500000000000000005F
S105D0CD44B069
S105D0CF00005B
S104D0D1005A
S104D0D20059
S107D0D342480000CB
S107D0D73F80000092
S107D0DB000000004D
S107D0DF42C800003F
S104D0E30048
S104D0E40344
S107D0E520353000BE
S10BD0E900000000000000003B
S105D0F144B045
S105D0F3000037
S104D0F50036
S104D0F60035
S107D0F73F000000F2
S107D0FB3DCCCCCD8B
S107D0FF0000000029
S107D103411E6666F9
S104D1070122
S104D108031F
S107D109302E35008B
S10BD10D000000000000000016
S105D11544B020
S105D117000012
S104D1190011
S104D11A0010
S107D11B414000008B
S107D11F3F80000049
S107D1230000000004
S107D12741C00000FF
S104D12B00FF
S104D12C02FC
S106D12D31320098
S10CD130000000000000000000F2
S105D13944B0FC
S105D13B0000EE
S104D13D00ED
S104D13E00EC
S107D13F3F80000029
S107D1433F80000025
S107D1473F80000021
S107D14B400000009C
S104D14F00DB
S104D15003D7
S107D1514E454700FC
S10BD1550000000000000000CE
S105D15D450483
S105D15F0000CA
S104D16100C9
S104D16200C8
S107D1633F80000005
S107D1673F80000001
S107D16B3F800000FD
S107D16F4000000078
S104D17300B7
S104D17406B0
S10AD1754C495155494400E7
S108D17C0000000000AA
S105D18144F66E
S105D1830000A6
S104D18500A5
S104D18600A4
S107D1874000000060
S107D18B3F800000DD
S107D18F3F800000D9
S107D1934000000054
S104D1970093
S104D198078B
S10BD1994C494E2041435400AF
S107D1A10000000086
S105D1A544E65A
S105D1A7000082
S104D1A90081
S104D1AA0080
S107D1AB412000001B
S107D1AF3F800000B9
S107D1B30000000074
S107D1B7412000000F
S104D1BB006F
S104D1BC026C
S106D1BD3130000A
S10CD1C000000000000000000062
S105D1C944B06C
S105D1CB00005E
S104D1CD005D
S104D1CE005C
S107D1CF40A0000078
S107D1D33F80000095
S107D1D70000000050
S107D1DB41200000EB
S104D1DF004B
S104D1E00248
S106D1E1203500F2
S10CD1E40000000000000000003E
S105D1ED44B048
S105D1EF00003A
S104D1F10039
S104D1F20038
S107D1F340A0000054
S107D1F73F80000071
S107D1FB000000002C
S107D1FF41200000C7
S104D2030026
S104D2040223
S106D205203500CD
S10CD20800000000000000000019
S105D21144B023
S105D213000015
S104D2150014
S104D2160013
S107D217000000000F
S107D21B3F8000004C
S107D21F0000000007
S107D22341200000A2
S104D2270002
S104D22802FF
S106D229203000AE
S10CD22C000000000000000000F5
S105D23544B0FF
S105D2370000F1
S104D23900F0
S104D23A00EF
S107D23B3F8000002C
S107D23F3F80000028
S107D2433F80000024
S107D247400000009F
S104D24B00DE
S104D24C03DA
S107D24D4F464600FE
S10BD2510000000000000000D1
S105D25944B1DA
S105D25B0000CD
S104D25D00CC
S104D25E00CB
S107D25F42F0000095
S107D2633F80000004
S107D267420000007D
S107D26B4347000031
S104D26F00BA
S104D27003B6
S107D2713132300022
S10BD2750000000000000000AD
S105D27D44B0B7
S105D27F0000A9
S104D28100A8
S104D28200A7
S107D2833F800000E4
S107D2873F800000E0
S107D28B3F800000DC
S107D28F4000000057
S104D2930096
S104D2940392
S107D2954F464600B6
S10BD299000000000000000089
S105D2A144B192
S105D2A3000085
S104D2A50084
S104D2A60083
S107D2A742F000004D
S107D2AB3F800000BC
S107D2AF4200000035
S107D2B343470000E9
S104D2B70072
S104D2B8036E
S107D2B931323000DA
S10BD2BD000000000000000065
S105D2C544B06F
S105D2C7000061
S104D2C90060
S104D2CA005F
S107D2CB400000001B
S107D2CF3F80000098
S107D2D33F80000094
S107D2D7400000000F
S104D2DB004E
S104D2DC034A
S107D2DD4F4646006E
S10BD2E1000000000000000041
S105D2E944B14A
S105D2EB00003D
S104D2ED003C
S104D2EE003B
S107D2EF42F0000005
S107D2F33F80000074
S107D2F742000000ED
S107D2FB43470000A1
S104D2FF002A
S104D3000325
S107D3013132300091
S10BD30500000000000000001C
S105D30D44B026
S105D30F000018
S104D3110017
S104D3120016
S107D31341200000B1
S107D3173F8000004F
S107D31B3F8000004B
S107D31F41A0000025
S104D3230005
S104D3240202
S106D325313000A0
S10CD328000000000000000000F8
S105D33144B002
S105D3330000F4
S104D33500F3
S104D33600F2
S107D3373CF5C28F6C
S107D33B3C23D70AAA
S107D33F3C23D70AA6
S107D3433E4CCCCDBF
S104D34702DF
S104D34804DC
S108D349302E3033001A
S10AD34E00000000000000D4
S105D35544B0DE
S105D3570000D0
S104D35900CF
S104D35A00CE
S107D35B451C400029
S107D35F42C80000BC
S107D36342C80000B8
S107D367459C40009D
S104D36B00BD
S104D36C04B8
S108D36D3235303000F0
S10AD37200000000000000B0
S105D37944B0BA
S105D37B0000AC
S104D37D00AB
S104D37E00AA
S107D37F4120000045
S107D3833F800000E3
S107D3873F800000DF
S107D38B41A00000B9
S104D38F0099
S104D3900296
S106D39131300034
S10CD3940000000000000000008C
S105D39D44B096
S105D39F000088
S104D3A10087
S104D3A20086
S107D3A33CF5C28F00
S107D3A73C23D70A3E
S107D3AB3C23D70A3A
S107D3AF3E4CCCCD53
S104D3B30273
S104D3B40470
S108D3B5302E303300AE
S10AD3BA0000000000000068
S105D3C144B072
S105D3C3000064
S104D3C50063
S104D3C60062
S107D3C7451C4000BD
S107D3CB42C8000050
S107D3CF42C800004C
S107D3D3459C400031
S104D3D70051
S104D3D8044C
S108D3D9323530300084
S10AD3DE0000000000000044
S105D3E544B04E
S105D3E7000040
S104D3E9003F
S104D3EA003E
S107D3EB40000000FA
S107D3EF3F80000077
S107D3F33F80000073
S107D3F740000000EE
S104D3FB002D
S104D3FC022A
S106D3FD323400C3
S10CD4000000000000000000001F
S105D40944B920
S105D40B00001B
S104D40D001A
S104D40E0019
S107D40F424800008B
S107D4133F80000052
S107D417000000000D
S107D41B42C80000FF
S104D41F0008
S104D4200304
S107D421203530007E
S10BD4250000000000000000FB
S105D42D44B005
S105D42F0000F7
S104D43100F6
S104D43200F5
S107D4334248000067
S107D4373F8000002E
S107D43B00000000E9
S107D43F42C80000DB
S104D44300E4
S104D44403E0
S107D445203530005A
S10BD4490000000000000000D7
S105D45144B0E1
S105D4530000D3
S104D45500D2
S104D45600D1
S107D4574248000043
S107D45B3F8000000A
S107D45F00000000C5
S107D46342C80000B7
S104D46700C0
S104D46803BC
S107D4692035300036
S10BD46D0000000000000000B3
S105D47544B0BD
S105D4770000AF
S104D47900AE
S104D47A00AD
S107D47B424800001F
S107D47F3F800000E6
S107D48300000000A1
S107D48742C8000093
S104D48B009C
S104D48C0398
S107D48D2035300012
S10BD49100000000000000008F
S105D49944B099
S105D49B00008B
S104D49D008A
S104D49E0089
S107D49F42480000FB
S107D4A33F800000C2
S107D4A7000000007D
S107D4AB42C800006F
S104D4AF0078
S104D4B00374
S107D4B120353000EE
S10BD4B500000000000000006B
S105D4BD44B075
S105D4BF000067
S104D4C10066
S104D4C20065
S107D4C342480000D7
S107D4C73F8000009E
S107D4CB0000000059
S107D4CF42C800004B
S104D4D30054
S104D4D40350
S107D4D520353000CA
S10BD4D9000000000000000047
S105D4E144B051
S105D4E3000043
S104D4E50042
S104D4E60041
S107D4E742480000B3
S107D4EB3F8000007A
S107D4EF0000000035
S107D4F342C8000027
S104D4F70030
S104D4F8032C
S107D4F920353000A6
S10BD4FD000000000000000023
S105D50544B02C
S105D50700001E
S104D509001D
S104D50A001C
S107D50B424800008E
S107D50F3F80000055
S107D5130000000010
S107D51742C8000002
S104D51B000B
S104D51C0307
S107D51D2035300081
S10BD5210000000000000000FE
S105D52944B008
S105D52B0000FA
S104D52D00F9
S104D52E00F8
S107D52F424800006A
S107D5333F80000031
S107D53700000000EC
S107D53B42C80000DE
S104D53F00E7
S104D54003E3
S107D541203530005D
S10BD5450000000000000000DA
S105D54D44B0E4
S105D54F0000D6
S104D55100D5
S104D55200D4
S107D5534248000046
S107D5573F8000000D
S107D55B00000000C8
S107D55F42C80000BA
S104D56300C3
S104D56403BF
S107D5652035300039
S10BD5690000000000000000B6
S105D57144B0C0
S105D5730000B2
S104D57500B1
S104D57600B0
S107D5774248000022
S107D57B3F800000E9
S107D57F41A00000C3
S107D58342C8000096
S104D587009F
S104D588039B
S107D5892035300015
S10BD58D000000000000000092
S105D59544B09C
S105D597140F6B
S104D599008D
S104D59A008C
S107D59B42480000FE
S107D59F3F800000C5
S107D5A341A000009F
S107D5A742C8000072
S104D5AB007B
S104D5AC0377
S107D5AD20353000F1
S10BD5B100000000000000006E
S105D5B944B078
S105D5BB143323
S104D5BD0069
S104D5BE0068
S107D5BF42480000DA
S107D5C33F800000A1
S107D5C741A000007B
S107D5CB42C800004E
S104D5CF0057
S104D5D00353
S107D5D120353000CD
S10BD5D500000000000000004A
S105D5DD44B054
S105D5DF1457DB
S104D5E10045
S104D5E20044
S107D5E342480000B6
S107D5E73F8000007D
S107D5EB41A0000057
S107D5EF42C800002A
S104D5F30033
S104D5F4032F
S107D5F520353000A9
S10BD5F9000000000000000026
S105D60144B02F
S105D603147B92
S104D6050020
S104D606001F
S107D6074248000091
S107D60B3F80000058
S107D60F41A0000032
S107D61342C8000005
S104D617000E
S104D618030A
S107D6192035300084
S10BD61D000000000000000001
S105D62544B00B
S105D627149F4A
S104D62900FC
S104D62A00FB
S107D62B424800006D
S107D62F3F80000034
S107D63341A000000E
S107D63742C80000E1
S104D63B00EA
S104D63C03E6
S107D63D2035300060
S10BD6410000000000000000DD
S105D64944B0E7
S105D64B14C302
S104D64D00D8
S104D64E00D7
S107D64F4248000049
S107D6533F80000010
S107D65741A00000EA
S107D65B42C80000BD
S104D65F00C6
S104D66003C2
S107D661203530003C
S10BD6650000000000000000B9
S105D66D44B0C3
S105D66F14E7BA
S104D67100B4
S104D67200B3
S107D6734248000025
S107D6773F800000EC
S107D67B41A00000C6
S107D67F42C8000099
S104D68300A2
S104D684039E
S107D6852035300018
S10BD689000000000000000095
S105D69144B09F
S105D693150B71
S104D6950090
S104D696008F
S107D6974248000001
S107D69B3F800000C8
S107D69F41A00000A2
S107D6A342C8000075
S104D6A7007E
S104D6A8037A
S107D6A920353000F4
S10BD6AD000000000000000071
S105D6B544B07B
S105D6B7152F29
S104D6B9006C
S104D6BA006B
S107D6BB42480000DD
S107D6BF3F800000A4
S107D6C341A000007E
S107D6C742C8000051
S104D6CB005A
S104D6CC0356
S107D6CD20353000D0
S10BD6D100000000000000004D
S105D6D944B057
S105D6DB1553E1
S104D6DD0048
S104D6DE0047
S107D6DF4000000003
S107D6E33DCCCCCD9D
S107D6E73F000000FC
S107D6EB41C0000036
S104D6EF0135
S104D6F00431
S108D6F120322E300080
S10AD6F60000000000000029
S105D6FD44B033
S105D6FF157799
S104D7010023
S104D7020022
S107D70340000000DE
S107D7073DCCCCCD78
S107D70B3F000000D7
S107D70F41C0000011
S104D7130110
S104D714040C
S108D71520322E30005B
S10AD71A0000000000000004
S105D72144B00E
S105D723159B50
S104D72500FF
S104D72600FE
S107D72740000000BA
S107D72B3DCCCCCD54
S107D72F3F000000B3
S107D73341C00000ED
S104D73701EC
S104D73804E8
S108D73920322E300037
S10AD73E00000000000000E0
S105D74544B0EA
S105D74715BF08
S104D74900DB
S104D74A00DA
S107D74B4000000096
S107D74F3DCCCCCD30
S107D7533F0000008F
S107D75741C00000C9
S104D75B01C8
S104D75C04C4
S108D75D20322E300013
S10AD76200000000000000BC
S105D76944B0C6
S105D76B15E3C0
S104D76D00B7
S104D76E00B6
S107D76F4000000072
S107D7733DCCCCCD0C
S107D7773F0000006B
S107D77B41C00000A5
S104D77F01A4
S104D78004A0
S108D78120322E3000EF
S10AD7860000000000000098
S105D78D44B0A2
S105D78F160777
S104D7910093
S104D7920092
S107D793400000004E
S107D7973DCCCCCDE8
S107D79B3F00000047
S107D79F41C0000081
S104D7A30180
S104D7A4047C
S108D7A520322E3000CB
S10AD7AA0000000000000074
S105D7B144B07E
S105D7B3162B2F
S104D7B5006F
S104D7B6006E
S107D7B7400000002A
S107D7BB3DCCCCCDC4
S107D7BF3F00000023
S107D7C341C000005D
S104D7C7015C
S104D7C80458
S108D7C920322E3000A7
S10AD7CE0000000000000050
S105D7D544B05A
S105D7D7164FE7
S104D7D9004B
S104D7DA004A
S107D7DB4000000006
S107D7DF3DCCCCCDA0
S107D7E33F000000FF
S107D7E741C0000039
S104D7EB0138
S104D7EC0434
S108D7ED20322E300083
S10AD7F2000000000000002C
S105D7F944B036
S105D7FB16739F
S104D7FD0027
S104D7FE0026
S107D7FF40000000E2
S107D8033DCCCCCD7B
S107D8073F000000DA
S107D80B41C0000014
S104D80F0113
S104D810040F
S108D81120322E30005E
S10AD8160000000000000007
S105D81D44B011
S105D81F169756
S104D8210002
S104D8220001
S107D82340000000BD
S107D8273DCCCCCD57
S107D82B3F000000B6
S107D82F41C00000F0
S104D83301EF
S104D83404EB
S108D83520322E30003A
S10AD83A00000000000000E3
S105D84144B0ED
S105D84316BB0E
S104D84500DE
S104D84600DD
S107D84740A00000F9
S107D84B3F80000016
S107D84F3F80000012
S107D85341C00000CC
S104D85700CC
S104D85802C9
S106D85920350073
S10CD85C000000000000000000BF
S105D86544B0C9
S105D86716DFC6
S104D86900BA
S104D86A00B9
S107D86B40A00000D5
S107D86F3F800000F2
S107D8733F800000EE
S107D87741C00000A8
S104D87B00A8
S104D87C02A5
S106D87D2035004F
S10CD8800000000000000000009B
S105D88944B0A5
S105D88B17037D
S104D88D0096
S104D88E0095
S107D88F40A00000B1
S107D8933F800000CE
S107D8973F800000CA
S107D89B41C0000084
S104D89F0084
S104D8A00281
S106D8A12035002B
S10CD8A400000000000000000077
S105D8AD44B081
S105D8AF172735
S104D8B10072
S104D8B20071
S107D8B340A000008D
S107D8B73F800000AA
S107D8BB3F800000A6
S107D8BF41C0000060
S104D8C30060
S104D8C4025D
S106D8C520350007
S10CD8C800000000000000000053
S105D8D144B05D
S105D8D3174BED
S104D8D5004E
S104D8D6004D
S107D8D740A0000069
S107D8DB3F80000086
S107D8DF3F80000082
S107D8E341C000003C
S104D8E7003C
S104D8E80239
S106D8E9203500E3
S10CD8EC0000000000000000002F
S105D8F544B039
S105D8F7176FA5
S104D8F9002A
S104D8FA0029
S107D8FB40A0000045
S107D8FF3F80000062
S107D9033F8000005D
S107D90741C0000017
S104D90B0017
S104D90C0214
S106D90D203500BE
S10CD9100000000000000000000A
S105D91944B014
S105D91B17935C
S104D91D0005
S104D91E0004
S107D91F40A0000020
S107D9233F8000003D
S107D9273F80000039
S107D92B41C00000F3
S104D92F00F3
S104D93002F0
S106D9312035009A
S10CD934000000000000000000E6
S105D93D44B0F0
S105D93F17B714
S104D94100E1
S104D94200E0
S107D94340A00000FC
S107D9473F80000019
S107D94B3F80000015
S107D94F41C00000CF
S104D95300CF
S104D95402CC
S106D95520350076
S10CD958000000000000000000C2
S105D96144B0CC
S105D96317DBCC
S104D96500BD
S104D96600BC
S107D96740A00000D8
S107D96B3F800000F5
S107D96F3F800000F1
S107D97341C00000AB
S104D97700AB
S104D97802A8
S106D97920350052
S10CD97C0000000000000000009E
S105D98544B0A8
S105D98717FF84
S104D9890099
S104D98A0098
S107D98B40A00000B4
S107D98F3F800000D1
S107D9933F800000CD
S107D99741C0000087
S104D99B0087
S104D99C0284
S106D99D2035002E
S10CD9A00000000000000000007A
S105D9A944B084
S105D9AB18233B
S104D9AD0075
S104D9AE0074
S107D9AF42480000E6
S107D9B33F800000AD
S107D9B70000000068
S107D9BB42C800005A
S104D9BF0063
S104D9C0035F
S107D9C120353000D9
S10BD9C5000000000000000056
S105D9CD44B060
S105D9CF000052
S104D9D10051
S104D9D20050
S107D9D342480000C2
S107D9D73F80000089
S107D9DB0000000044
S107D9DF42C8000036
S104D9E3003F
S104D9E4033B
S107D9E520353000B5
S10BD9E9000000000000000032
S105D9F144B03C
S105D9F300002E
S104D9F5002D
S104D9F6002C
S107D9F7424800009E
S107D9FB3F80000065
S107D9FF0000000020
S107DA0342C8000011
S104DA07001A
S104DA080316
S107DA092035300090
S10BDA0D00000000000000000D
S105DA1544B017
S105DA17000009
S104DA190008
S104DA1A0007
S107DA1B4248000079
S107DA1F3F80000040
S107DA2300000000FB
S107DA2742C80000ED
S104DA2B00F6
S104DA2C03F2
S107DA2D203530006C
S10BDA310000000000000000E9
S105DA3944B0F3
S105DA3B0000E5
S104DA3D00E4
S104DA3E00E3
S107DA3F4248000055
S107DA433F8000001C
S107DA4700000000D7
S107DA4B42C80000C9
S104DA4F00D2
S104DA5003CE
S107DA512035300048
S10BDA550000000000000000C5
S105DA5D44B0CF
S105DA5F0000C1
S104DA6100C0
S104DA6200BF
S107DA634248000031
S107DA673F800000F8
S107DA6B00000000B3
S107DA6F42C80000A5
S104DA7300AE
S104DA7403AA
S107DA752035300024
S10BDA790000000000000000A1
S105DA8144B0AB
S105DA8300009D
S104DA85009C
S104DA86009B
S107DA87424800000D
S107DA8B3F800000D4
S107DA8F000000008F
S107DA9342C8000081
S104DA97008A
S104DA980386
S107DA992035300000
S10BDA9D00000000000000007D
S105DAA544B087
S105DAA7000079
S104DAA90078
S104DAAA0077
S107DAAB42480000E9
S107DAAF3F800000B0
S107DAB3000000006B
S107DAB742C800005D
S104DABB0066
S104DABC0362
S107DABD20353000DC
S10BDAC1000000000000000059
S105DAC944B063
S105DACB000055
S104DACD0054
S104DACE0053
S107DACF42480000C5
S107DAD33F8000008C
S107DAD70000000047
S107DADB42C8000039
S104DADF0042
S104DAE0033E
S107DAE120353000B8
S10BDAE5000000000000000035
S105DAED44B03F
S105DAEF000031
S104DAF10030
S104DAF2002F
S107DAF342480000A1
S107DAF73F80000068
S107DAFB0000000023
S107DAFF42C8000015
S104DB03001D
S104DB040319
S107DB052035300093
S10BDB09000000000000000010
S105DB1144B01A
S105DB1300000C
S104DB15000B
S104DB16000A
S107DB17424800007C
S107DB1B3F80000043
S107DB1F41A000001D
S107DB2342C80000F0
S104DB2700F9
S104DB2803F5
S107DB29203530006F
S10BDB2D0000000000000000EC
S105DB3544B0F6
S105DB3719AF20
S104DB3900E7
S104DB3A00E6
S107DB3B4248000058
S107DB3F3F8000001F
S107DB4341A00000F9
S107DB4742C80000CC
S104DB4B00D5
S104DB4C03D1
S107DB4D203530004B
S10BDB510000000000000000C8
S105DB5944B0D2
S105DB5B19D3D8
S104DB5D00C3
S104DB5E00C2
S107DB5F4248000034
S107DB633F800000FB
S107DB6741A00000D5
S107DB6B42C80000A8
S104DB6F00B1
S104DB7003AD
S107DB712035300027
S10BDB750000000000000000A4
S105DB7D44B0AE
S105DB7F19F790
S104DB81009F
S104DB82009E
S107DB834248000010
S107DB873F800000D7
S107DB8B41A00000B1
S107DB8F42C8000084
S104DB93008D
S104DB940389
S107DB952035300003
S10BDB99000000000000000080
S105DBA144B08A
S105DBA31A1B47
S104DBA5007B
S104DBA6007A
S107DBA742480000EC
S107DBAB3F800000B3
S107DBAF41A000008D
S107DBB342C8000060
S104DBB70069
S104DBB80365
S107DBB920353000DF
S10BDBBD00000000000000005C
S105DBC544B066
S105DBC71A3FFF
S104DBC90057
S104DBCA0056
S107DBCB42480000C8
S107DBCF3F8000008F
S107DBD341A0000069
S107DBD742C800003C
S104DBDB0045
S104DBDC0341
S107DBDD20353000BB
S10BDBE1000000000000000038
S105DBE944B042
S105DBEB1A63B7
S104DBED0033
S104DBEE0032
S107DBEF42480000A4
S107DBF33F8000006B
S107DBF741A0000045
S107DBFB42C8000018
S104DBFF0021
S104DC00031C
S107DC012035300096
S10BDC05000000000000000013
S105DC0D44B01D
S105DC0F1A876E
S104DC11000E
S104DC12000D
S107DC13424800007F
S107DC173F80000046
S107DC1B41A0000020
S107DC1F42C80000F3
S104DC2300FC
S104DC2403F8
S107DC252035300072
S10BDC290000000000000000EF
S105DC3144B0F9
S105DC331AAB26
S104DC3500EA
S104DC3600E9
S107DC37424800005B
S107DC3B3F80000022
S107DC3F41A00000FC
S107DC4342C80000CF
S104DC4700D8
S104DC4803D4
S107DC49203530004E
S10BDC4D0000000000000000CB
S105DC5544B0D5
S105DC571ACFDE
S104DC5900C6
S104DC5A00C5
S107DC5B4248000037
S107DC5F3F800000FE
S107DC6341A00000D8
S107DC6742C80000AB
S104DC6B00B4
S104DC6C03B0
S107DC6D203530002A
S10BDC710000000000000000A7
S105DC7944B0B1
S105DC7B1AF396
S104DC7D00A2
S104DC7E00A1
S107DC7F400000005D
S107DC833DCCCCCDF7
S107DC873F00000056
S107DC8B41C0000090
S104DC8F018F
S104DC90048B
S108DC9120322E3000DA
S10ADC960000000000000083
S105DC9D44B08D
S105DC9F1B174D
S104DCA1007E
S104DCA2007D
S107DCA34000000039
S107DCA73DCCCCCDD3
S107DCAB3F00000032
S107DCAF41C000006C
S104DCB3016B
S104DCB40467
S108DCB520322E3000B6
S10ADCBA000000000000005F
S105DCC144B069
S105DCC31B3B05
S104DCC5005A
S104DCC60059
S107DCC74000000015
S107DCCB3DCCCCCDAF
S107DCCF3F0000000E
S107DCD341C0000048
S104DCD70147
S104DCD80443
S108DCD920322E300092
S10ADCDE000000000000003B
S105DCE544B045
S105DCE71B5FBD
S104DCE90036
S104DCEA0035
S107DCEB40000000F1
S107DCEF3DCCCCCD8B
S107DCF33F000000EA
S107DCF741C0000024
S104DCFB0123
S104DCFC041F
S108DCFD20322E30006E
S10ADD020000000000000016
S105DD0944B020
S105DD0B1B8374
S104DD0D0011
S104DD0E0010
S107DD0F40000000CC
S107DD133DCCCCCD66
S107DD173F000000C5
S107DD1B41C00000FF
S104DD1F01FE
S104DD2004FA
S108DD2120322E300049
S10ADD2600000000000000F2
S105DD2D44B0FC
S105DD2F1BA72C
S104DD3100ED
S104DD3200EC
S107DD3340000000A8
S107DD373DCCCCCD42
S107DD3B3F000000A1
S107DD3F41C00000DB
S104DD4301DA
S104DD4404D6
S108DD4520322E300025
S10ADD4A00000000000000CE
S105DD5144B0D8
S105DD531BCBE4
S104DD5500C9
S104DD5600C8
S107DD574000000084
S107DD5B3DCCCCCD1E
S107DD5F3F0000007D
S107DD6341C00000B7
S104DD6701B6
S104DD6804B2
S108DD6920322E300001
S10ADD6E00000000000000AA
S105DD7544B0B4
S105DD771BEF9C
S104DD7900A5
S104DD7A00A4
S107DD7B4000000060
S107DD7F3DCCCCCDFA
S107DD833F00000059
S107DD8741C0000093
S104DD8B0192
S104DD8C048E
S108DD8D20322E3000DD
S10ADD920000000000000086
S105DD9944B090
S105DD9B1C1353
S104DD9D0081
S104DD9E0080
S107DD9F400000003C
S107DDA33DCCCCCDD6
S107DDA73F00000035
S107DDAB41C000006F
S104DDAF016E
S104DDB0046A
S108DDB120322E3000B9
S10ADDB60000000000000062
S105DDBD44B06C
S105DDBF1C370B
S104DDC1005D
S104DDC2005C
S107DDC34000000018
S107DDC73DCCCCCDB2
S107DDCB3F00000011
S107DDCF41C000004B
S104DDD3014A
S104DDD40446
S108DDD520322E300095
S10ADDDA000000000000003E
S105DDE144B048
S105DDE31C5BC3
S104DDE50039
S104DDE60038
S107DDE740A0000054
S107DDEB3F80000071
S107DDEF3F8000006D
S107DDF341C0000027
S104DDF70027
S104DDF80224
S106DDF9203500CE
S10CDDFC0000000000000000001A
S105DE0544B023
S105DE071C7F7A
S104DE090014
S104DE0A0013
S107DE0B40A000002F
S107DE0F3F8000004C
S107DE133F80000048
S107DE1741C0000002
S104DE1B0002
S104DE1C02FF
S106DE1D203500A9
S10CDE20000000000000000000F5
S105DE2944B0FF
S105DE2B1CA332
S104DE2D00F0
S104DE2E00EF
S107DE2F40A000000B
S107DE333F80000028
S107DE373F80000024
S107DE3B41C00000DE
S104DE3F00DE
S104DE4002DB
S106DE4120350085
S10CDE44000000000000000000D1
S105DE4D44B0DB
S105DE4F1CC7EA
S104DE5100CC
S104DE5200CB
S107DE5340A00000E7
S107DE573F80000004
S107DE5B3F80000000
S107DE5F41C00000BA
S104DE6300BA
S104DE6402B7
S106DE6520350061
S10CDE68000000000000000000AD
S105DE7144B0B7
S105DE731CEBA2
S104DE7500A8
S104DE7600A7
S107DE7740A00000C3
S107DE7B3F800000E0
S107DE7F3F800000DC
S107DE8341C0000096
S104DE870096
S104DE880293
S106DE892035003D
S10CDE8C00000000000000000089
S105DE9544B093
S105DE971D0F59
S104DE990084
S104DE9A0083
S107DE9B40A000009F
S107DE9F3F800000BC
S107DEA33F800000B8
S107DEA741C0000072
S104DEAB0072
S104DEAC026F
S106DEAD20350019
S10CDEB000000000000000000065
S105DEB944B06F
S105DEBB1D3311
S104DEBD0060
S104DEBE005F
S107DEBF40A000007B
S107DEC33F80000098
S107DEC73F80000094
S107DECB41C000004E
S104DECF004E
S104DED0024B
S106DED1203500F5
S10CDED400000000000000000041
S105DEDD44B04B
S105DEDF1D57C9
S104DEE1003C
S104DEE2003B
S107DEE340A0000057
S107DEE73F80000074
S107DEEB3F80000070
S107DEEF41C000002A
S104DEF3002A
S104DEF40227
S106DEF5203500D1
S10CDEF80000000000000000001D
S105DF0144B026
S105DF031D7B80
S104DF050017
S104DF060016
S107DF0740A0000032
S107DF0B3F8000004F
S107DF0F3F8000004B
S107DF1341C0000005
S104DF170005
S104DF180202
S106DF19203500AC
S10CDF1C000000000000000000F8
S105DF2544B002
S105DF271D9F38
S104DF2900F3
S104DF2A00F2
S107DF2B40A000000E
S107DF2F3F8000002B
S107DF333F80000027
S107DF3741C00000E1
S104DF3B00E1
S104DF3C02DE
S106DF3D20350088
S10CDF40000000000000000000D4
S105DF4944B0DE
S105DF4B1DC3F0
S104DF4D00CF
S104DF4E00CE
S107DF4F3F8000000B
S107DF5300000000C6
S107DF573F80000003
S107DF5B4238000044
S104DF5F00BD
S104DF60FCC0
S108DF613441463200CA
S10ADF6600000000000000B0
S105DF6D450C5D
S105DF6F0000AC
S104DF7100AB
S104DF7200AA
S107DF733F800000E7
S107DF7700000000A2
S107DF7B3F800000DF
S107DF7F4238000020
S104DF830099
S104DF84FC9C
S108DF853441463300A5
S10ADF8A000000000000008C
S105DF91450C39
S105DF93000088
S104DF950087
S104DF960086
S107DF9742C8000078
S107DF9B3F800000BF
S107DF9F000000007A
S107DFA342C800006C
S104DFA70075
S104DFA80371
S107DFA931303000DF
S10BDFAD000000000000000068
S105DFB544B072
S105DFB7000064
S104DFB90063
S104DFBA0062
S107DFBB42C8000054
S107DFBF3F8000009B
S107DFC30000000056
S107DFC742C8000048
S104DFCB0051
S104DFCC034D
S107DFCD31303000BB
S10BDFD1000000000000000044
S105DFD944B04E
S105DFDB000040
S104DFDD003F
S104DFDE003E
S107DFDF42C8000030
S107DFE33F80000077
S107DFE70000000032
S107DFEB42C8000024
S104DFEF002D
S104DFF00329
S107DFF13130300097
S10BDFF5000000000000000020
S105DFFD44B02A
S105DFFF00001C
S104E001001A
S104E0020019
S107E00342C800000B
S107E0073F80000052
S107E00B000000000D
S107E00F42C80000FF
S104E0130008
S104E0140304
S107E0153130300072
S10BE0190000000000000000FB
S105E02144B005
S105E0230000F7
S104E02500F6
S104E02600F5
S107E0273F80000032
S107E02B3F8000002E
S107E02F00000000E9
S107E03342C80000DB
S104E03700E4
S104E03803E0
S107E039202031006E
S10BE03D0000000000000000D7
S105E04544B0E1
S105E0470000D3
S104E04900D2
S104E04A00D1
S107E04B3F8000000E
S107E04F3F8000000A
S107E0533F80000006
S107E0574238000047
S104E05B00C0
S104E05CF5CA
S10FE05D434F4154494E472043414D00BD
S105E069450C60
S105E06B0000AF
S104E06D00AE
S104E06E00AD
S107E06F3F800000EA
S107E0733F800000E6
S107E0773F800000E2
S107E07B4238000023
S104E07F009C
S104E080F5A6
S10FE081494E53504543542043414D0088
S105E08D450C3C
S105E08F00008B
S104E091008A
S104E0920089
S107E0933F800000C6
S107E0970000000081
S107E09B3F800000BE
S107E09F4120000018
S104E0A30078
S104E0A4FA7D
S10AE0A52D2D2D2D2D2D0062
S108E0AC00000000006B
S105E0B1456ABA
S105E0B3000067
S104E0B50066
S104E0B60065
S107E0B73F800000A2
S107E0BB3F8000009E
S107E0BF3F8000009A
S107E0C34000000015
S104E0C70054
S104E0C80350
S107E0C94F46460074
S10BE0CD000000000000000047
S105E0D544B150
S105E0D7000043
S104E0D90042
S104E0DA0041
S107E0DB3F8000007E
S107E0DF3F8000007A
S107E0E33F80000076
S107E0E740000000F1
S104E0EB0030
S104E0EC032C
S107E0ED4F46460050
S10BE0F1000000000000000023
S105E0F944B12C
S105E0FB00001F
S104E0FD001E
S104E0FE001D
S107E0FF3F8000005A
S107E1030000000014
S107E1073F80000051
S107E10B4238000092
S104E10F000B
S104E110FC0E
S108E111342E3333003D
S10AE11600000000000000FE
S105E11D450CAB
S105E11F0000FA
S104E12100F9
S104E12200F8
S107E12342000000B2
S107E12700000000F0
S107E12B00000000EC
S107E12F439600000F
S104E13300E7
S104E13403E3
S107E135203332005D
S10BE1390000000000000000DA
S105E14144B0E4
S105E1430000D6
S104E14500D5
S104E14600D4
S107E147420000008E
S107E14B00000000CC
S107E14F00000000C8
S107E15343960000EB
S104E15700C3
S104E15803BF
S107E1592033320039
S10BE15D0000000000000000B6
S105E16544B0C0
S105E1670000B2
S104E16900B1
S104E16A00B0
S111458000000000202020204C4951554944E1
S111458E20434F415445522020200020534525
S111459C5454494E4753202020202020202034
S11145AA2020200020494E53502043414D2034
S11145B853455454494E475320200020444993
S11145C641474E4F5354494353202020202098
S11145D4202020002048454154455253202009
S11145E22020202020202020202000204341E3
S11145F04D4552415320202020202020202021
S11145FE20202000205055524745204D4154A6
S111460C455249414C202020202000205354C8
S111461A415455532020202020202020202011
S1114628202020002044454641554C54532088
S1114636202020202020202020200020424C84
S11146444F57455220202020202020202020E7
S11146522020200020414456414E434520467E
S1114660494C4D2020202020202000204558C9
S111466E49542020202020202020202020201D
S111467C2020200000000000000000000000CC
S10A468A00252E252E252E2C
S1094691252E252E252E26
S1094697252E252E252E20
S109469D252E252E5C957C
S10946A35C955C955C953A
S10946A95C955F385C958E
S10946AF5C955C995D9727
S11146B55F4F00000001202020205345545484
S11146C3494E4753204D454E552020200020DF
S11146D14D414348494E452053495A45202047
S11146DF202020202000203153542053545218
S11146ED4F4B45532020202020202020002069
S11146FB324E44205354524F4B45532020203E
S11147092020202020002031535420534554FA
S111471755502020202020202020202000208B
S1114725324E4420534554555020202020206D
S111473320202020200020434C45414E4F55AD
S111474154205354524F4B4553202020002047
S111474F50554D502053504545442020202005
S111475D202020202000204C494E2E204143D5
S111476B542E20444953542E20202020002098
S11147794C2E412E2054595045202020202043
S11147872020202020002045584954202020C6
S1114795202020202020202020202020002072
S11147A3202020202020202020202020202044
S11147B12020202020001212120000121112EB
S10C47BF0D000013EB11CF11AB46
S10947C8252E252E11F33D
S10947CE1067111B1187A6
S10947D4252E252E5CAD2C
S10947DA5CAD5CAD5C95D2
S10947E05C955CAD5CADCC
S10947E65CAD5CAD5F4F09
S11147EC5C9500000104204C4E2043545220E2
S11147FA4C454E2053504420504D502000207A
S111480831202020352032342E302031303043
S1114816203130302000203220202035202098
S1114824342E3020313030203130302000204E
S111483233202020352020342E302031303029
S111484020313030200020342020203520206C
S111484E342E30203130302031303020002024
S111485C35202020352020342E3020313030FD
S111486A203130302000203620202035202040
S1114878342E302031303020313030200020FA
S111488637202020352020342E3020313030D1
S1114894203130302000203820202035202014
S11148A2342E302031303020313030200020D0
S11148B039202020352020342E3020313030A5
S11148BE2031303020002031302020352020E1
S11148CC342E302031303020313030200020A6
S11148DA455849542020202020202020202052
S11148E82020202020000404040404040404FE
S10C48F60404001847186B188F24
S10948FF18B318D718FBE2
S1094905191F1943196794
S109490B198B252E5F7ECE
S10949115CAD5CAD5CAD81
S10949175CAD5CAD5CAD7B
S109491D5CAD5CAD5CAD75
S11149235F4F00000105204C4E2043545220EB
S11149314C454E2053504420504D5020002041
S111493F31202032342032342E3920313030F1
S111494D203130302000203220202035202060
S111495B342E30203130302031303020002016
S111496933202020352020342E3020313030F1
S1114977203130302000203420202035202034
S1114985342E302031303020313030200020EC
S111499335202020352020342E3020313030C5
S11149A1203130302000203620202035202008
S11149AF342E302031303020313030200020C2
S11149BD37202020352020342E302031303099
S11149CB2031303020002038202020352020DC
S11149D9342E30203130302031303020002098
S11149E739202020352020342E30203130306D
S11149F52031303020002031302020352020A9
S1114A03342E3020313030203130302000206D
S1114A11455849542020202020202020202019
S1114A1F2020202020000404040404040404C5
S10C4A2D0404001DE71E0B1E2FFA
S1094A361E531E771E9BB7
S1094A3C1EBF1EE31F076C
S1094A421F2B252E5F7EF0
S1094A485CAD5CAD5CAD49
S1094A4E5CAD5CAD5CAD43
S1094A545CAD5CAD5CAD3D
S1114A5A5F4F000000022020494E53502043BD
S1114A68414D2053455454494E4753200020DD
S1114A7643414D4552412053504545442020B4
S1114A842020202020002043414D4552412097
S1114A9254524950205054202020202000204F
S1114AA04D4F544F5220504F4C2020202020C8
S1114AAE2020202020002043414D205455524A
S1114ABC4E2054494D4520202020202000206B
S1114ACA455849542020202020202020202060
S1114AD820202020200020202020202020202C
S1114AE620202020202020202020202000201E
S1114AF42020202020202020202020202020F0
S1114B02202020202000202020202020202001
S1114B102020202020202020202020200020F3
S1114B1E2020202020202020202020202020C5
S1114B2C2020202020002020202020202020D7
S1114B3A2020202020202020202020200020C9
S1114B4820202020202020202020202020209B
S1114B56202020202000111111110000000069
S10C4B6400000010AF10D3113F52
S1094B6D10F7252E252E91
S1094B73252E252E252E3F
S1094B79252E252E5CAD83
S1094B7F5CAD5CAD5CAD11
S1094B855F4F5C955C9596
S1094B8B5C955C955C954D
S1114B915C9500000003202020444941474E5B
S1114B9F4F53544943204D454E5520200020CD
S1114BAD52455452414354204C494E2E20414F
S1114BBB43542E20200020455854454E4420DB
S1114BC94C494E2E204143542E202020002023
S1114BD750554D50202020202020202020204A
S1114BE520202020200020484541442020208C
S1114BF3202020202020202020202020002010
S1114C01455849542020202020202020202027
S1114C0F2020202020002020202020202020F3
S1114C1D2020202020202020202020200020E5
S1114C2B2020202020202020202020202020B7
S1114C392020202020002020202020202020C9
S1114C472020202020202020202020200020BB
S1114C5520202020202020202020202020208D
S1114C6320202020200020202020202020209F
S1114C71202020202020202020202020002091
S1114C7F202020202020202020202020202063
S1114C8D202020202000000010100000000055
S10C4C9B000000252E252E20B78F
S1094CA420DB252E252E65
S1094CAA252E252E252E07
S1094CB0252E252E5F0DE8
S1094CB65EE25CAD5CADA2
S1094CBC5F4F5C955C955E
S1094CC25C955C955C9515
S1114CC85C9500000004202020202020484598
S1114CD641544552532020202020202000204D
S1114CE442415345204845415445522020206A
S1114CF220202020200020534554504F494ECE
S1114D00542054454D50202020202020002017
S1114D0E43555252454E542054454D502020DA
S1114D1C2020202020002049534F20484541EC
S1114D2A54455220202020202020202000204C
S1114D38534554504F494E542054454D50207D
S1114D462020202020002043555252454E5478
S1114D542054454D50202020202020200020F7
S1114D6253455455502020202020202020208E
S1114D702020202020002045584954202020D7
S1114D7E202020202020202020202020002083
S1114D8C202020202020202020202020202055
S1114D9A202020202000202020202020202067
S1114DA8202020202020202020202020002059
S1114DB620202020202020202020202020202B
S1114DC42020202020001010101010100000DD
S10C4DD2000000128312A721471E
S1094DDB123B125F2123CC
S1094DE1252E252E252ECF
S1094DE7252E252E5CAD13
S1094DED5CAD5C955CADB9
S1094DF35CAD5C955C95CB
S1094DF95F4F5C955C9520
S1114DFF5C9500000407202020204845415404
S1114E0D4552205345545550202020200020AB
S1114E1B504741494E2042415345202020205B
S1114E2920202020200020494741494E2042ED
S1114E37415345202020202020202020002050
S1114E45494C494D49542042415345202020F8
S1114E5320202020200020504741494E2049B5
S1114E61534F2020202020202020202000203D
S1114E6F494741494E2049534F20202020201E
S1114E7D20202020200020494C494D4954207B
S1114E8B49534F2020202020202020200020EA
S1114E9945584954202020202020202020208D
S1114EA7202020202000202020202020202059
S1114EB520202020202020202020202000204B
S1114EC320202020202020202020202020201D
S1114ED120202020200020202020202020202F
S1114EDF202020202020202020202020002021
S1114EED2020202020202020202020202020F3
S1114EFB202020202000110F0F110F0F0000A7
S10C4F09000000137F13A313C779
S1094F1213131337135BB7
S1094F18252E252E252E96
S1094F1E252E252E5CADDA
S1094F245CAD5CAD5CAD68
S1094F2A5CAD5CAD5F4FBD
S1094F305C955C955C95A4
S1114F365C9500000005202020202020204350
S1114F44414D455241532020202020200020C2
S1114F5243414D455241203120202020202093
S1114F602020202020002043414D45524120B6
S1114F6E32202020202020202020202000207F
S1114F7C4558495420202020202020202020A9
S1114F8A202020202000202020202020202075
S1114F98202020202020202020202020002067
S1114FA6202020202020202020202020202039
S1114FB420202020200020202020202020204B
S1114FC220202020202020202020202000203D
S1114FD020202020202020202020202020200F
S1114FDE202020202000202020202020202021
S1114FEC202020202020202020202020002013
S1114FFA2020202020202020202020202020E5
S11150082020202020002020202020202020F6
S11150162020202020202020202020200020E8
S11150242020202020202020202020202020BA
S11150322020202020000F0F000000000000AE
S10C5040000000252E252E252E6A
S1095049252E252E252E64
S109504F252E252E252E5E
S1095055252E252E5C95BA
S109505B5C955F4F5C95BB
S10950615C955C955C9572
S10950675C955C955C956C
S111506D5C9500000501202020202020204317
S111507B414D4552412D31202020202000209F
S111508953455454494E4753202020202020E4
S111509720202020200020444941474E4F5342
S11150A55449435320202020202020200020A6
S11150B3535441545553202020202020202007
S11150C1202020202000204558495420202083
S11150CF20202020202020202020202000202F
S11150DD202020202020202020202020202001
S11150EB202020202000202020202020202013
S11150F9202020202020202020202020002005
S11151072020202020202020202020202020D6
S11151152020202020002020202020202020E8
S11151232020202020202020202020200020DA
S11151312020202020202020202020202020AC
S111513F2020202020002020202020202020BE
S111514D2020202020202020202020200020B0
S111515B202020202020202020202020202082
S1115169202020202000000000000000000094
S10C5177000000252E252E252E32
S1095180252E252E252E2C
S1095186252E252E252E26
S109518C252E252E5C9582
S10951925C955C955F4F83
S10951985C955C955C953A
S109519E5C955C955C9534
S11151A45C950005010120202043414D2D3172
S11151B22053455454494E47532020200020DA
S11151C04C49474854494E47202020202020C7
S11151CE202020202000205A4F4F4D20535007
S11151DC4545442020202020202020200020B3
S11151EA464F43555320535045454420202042
S11151F82020202020002046494C4D20414418
S111520656414E434520202020202020002029
S111521454414720312020202020202020203B
S1115222202020202000204558495420202020
S11152302020202020202020202020200020CC
S111523E20202020202020202020202020209E
S111524C2020202020002020202020202020B0
S111525A2020202020202020202020200020A2
S1115268202020202020202020202020202074
S1115276202020202000202020202020202086
S1115284202020202020202020202020002078
S111529220202020202020202020202020204A
S11152A0202020202000111010100800000013
S10C52AE000000101F1F971FBB34
S10952B72027204B252EE8
S10952BD252E252E252EEE
S10952C3252E252E5C954A
S10952C95CAD5CAD5CADC0
S10952CF5CAD5F4F5C952D
S10952D55C955C955C95FC
S11152DB5C95000501022043414D2D31204415
S11152E94941474E4F5354494353202000205F
S11152F7414456414E43452046494C4D20202B
S1115305202020202000205A4F4F4D20494EDA
S11153132020202020202020202020200020E8
S11153215A4F4F4D204F55542020202020205D
S111532F20202020200020464F4355532046C6
S111533D41522020202020202020202000206B
S111534B464F435553204E454152202020200A
S11153592020202020002045584954202020E8
S1115367202020202020202020202020002094
S1115375202020202020202020202020202066
S1115383202020202000202020202020202078
S111539120202020202020202020202000206A
S111539F20202020202020202020202020203C
S11153AD20202020200020202020202020204E
S11153BB202020202020202020202020002040
S11153C9202020202020202020202020202012
S11153D72020202020000C0000000000000018
S10C53E5000000252E252E252EC2
S10953EE252E252E252EBC
S10953F4252E252E252EB6
S10953FA252E252E5D970F
S10954005DBE5DDC5E07E9
S10954065E255F4F5C957A
S109540C5C955C955C95C3
S11154125C9500050103202043414D2D3120FF
S1115420535441545553204D454E5520002001
S111542E534F465457415245205245562020B4
S111543C2020202020002043414D45524120D5
S111544A494420202020202020202020002063
S111545853455249414C204E554D20202020F2
S11154662020202020002045584954202020DA
S1115474202020202020202020202020002086
S1115482202020202020202020202020202058
S111549020202020200020202020202020206A
S111549E20202020202020202020202000205C
S11154AC20202020202020202020202020202E
S11154BA202020202000202020202020202040
S11154C8202020202020202020202020002032
S11154D6202020202020202020202020202004
S11154E4202020202000202020202020202016
S11154F2202020202020202020202020002008
S11155002020202020202020202020202020D9
S111550E20202020200010100E0000000000BD
S10C551C00000020FF1F4F209342
S1095525252E252E252E83
S109552B252E252E252E7D
S1095531252E252E5C95D9
S10955375C955C955F4FDA
S109553D5C955C955C9591
S10955435C955C955C958B
S11155495C9500000502202020202020434114
S11155574D4552412D322020202020200020DE
S111556553455454494E475320202020202003
S111557320202020200020444941474E4F5361
S11155815449435320202020202020200020C5
S111558F535441545553202020202020202026
S111559D2020202020002045584954202020A2
S11155AB20202020202020202020202000204E
S11155B9202020202020202020202020202020
S11155C7202020202000202020202020202032
S11155D5202020202020202020202020002024
S11155E32020202020202020202020202020F6
S11155F1202020202000202020202020202008
S11155FF2020202020202020202020200020FA
S111560D2020202020202020202020202020CB
S111561B2020202020002020202020202020DD
S11156292020202020202020202020200020CF
S11156372020202020202020202020202020A1
S11156452020202020000000000000000000B3
S10C5653000000252E252E252E51
S109565C252E252E252E4B
S1095662252E252E252E45
S1095668252E252E5C95A1
S109566E5C955C955F4FA2
S10956745C955C955C9559
S109567A5C955C955C9553
S11156805C950005020120202043414D2D328F
S111568E2053455454494E47532020200020F9
S111569C4C49474854494E47202020202020E6
S11156AA202020202000205A4F4F4D20535026
S11156B84545442020202020202020200020D2
S11156C6464F43555320535045454420202061
S11156D42020202020002046494C4D20414437
S11156E256414E434520202020202020002049
S11156F054414720322020202020202020205A
S11156FE202020202000204558495420202040
S111570C2020202020202020202020200020EB
S111571A2020202020202020202020202020BD
S11157282020202020002020202020202020CF
S11157362020202020202020202020200020C1
S1115744202020202020202020202020202093
S11157522020202020002020202020202020A5
S1115760202020202020202020202020002097
S111576E202020202020202020202020202069
S111577C202020202000111010100800000032
S10C578A00000010431FDF20039E
S10957932027206F252EE3
S1095799252E252E252E0D
S109579F252E252E5C9569
S10957A55CAD5CAD5CADDF
S10957AB5CAD5F4F5C954C
S10957B15C955C955C951B
S11157B75C9500050202202043414D2D322056
S11157C5444941474E4F53544943532000205A
S11157D3414456414E43452046494C4D20204A
S11157E1202020202000205A4F4F4D20494EFA
S11157EF202020202020202020202020002008
S11157FD5A4F4F4D204F55542020202020207D
S111580B20202020200020464F4355532046E5
S111581941522020202020202020202000208A
S1115827464F435553204E4541522020202029
S1115835202020202000204558495420202007
S11158432020202020202020202020200020B3
S1115851202020202020202020202020202085
S111585F202020202000202020202020202097
S111586D202020202020202020202020002089
S111587B20202020202020202020202020205B
S111588920202020200020202020202020206D
S111589720202020202020202020202000205F
S11158A5202020202020202020202020202031
S11158B32020202020000C0000000000000037
S10C58C1000000252E252E252EE1
S10958CA252E252E252EDB
S10958D0252E252E252ED5
S10958D6252E252E5D972E
S10958DC5E505E6E5EC426
S10958E25E995F4F5C9526
S10958E85C955C955C95E3
S11158EE5C95000502032043414D2D322053EA
S11158FC5441545553204D454E552020002054
S111590A534F465457415245205245562020D3
S11159182020202020002043414D45524120F4
S1115926494420202020202020202020002082
S111593453455249414C204E554D2020202011
S11159422020202020002045584954202020F9
S11159502020202020202020202020200020A5
S111595E202020202020202020202020202077
S111596C202020202000202020202020202089
S111597A20202020202020202020202000207B
S111598820202020202020202020202020204D
S111599620202020200020202020202020205F
S11159A4202020202020202020202020002051
S11159B2202020202020202020202020202023
S11159C0202020202000202020202020202035
S11159CE202020202020202020202020002027
S11159DC2020202020202020202020202020F9
S11159EA20202020200010100E0000000000DD
S10C59F800000020FF1F7320933E
S1095A01252E252E252EA2
S1095A07252E252E252E9C
S1095A0D252E252E5C95F8
S1095A135C955C955F4FF9
S1095A195C955C955C95B0
S1095A1F5C955C955C95AA
S1115A255C95000000072020202020535441EF
S1115A33545553204D454E5520202020002070
S1115A41534F4654574152452052455620209B
S1115A4F2020202020002043414D45524120BC
S1115A5D312049442020202020202020002039
S1115A6B43414D455241203220494420202021
S1115A792020202020002053455249414C207B
S1115A874E554D2020202020202020200020DD
S1115A95455849542020202020202020202085
S1115AA3202020202000202020202020202051
S1115AB1202020202020202020202020002043
S1115ABF202020202020202020202020202015
S1115ACD202020202000202020202020202027
S1115ADB202020202020202020202020002019
S1115AE92020202020202020202020202020EB
S1115AF72020202020002020202020202020FD
S1115B052020202020202020202020200020EE
S1115B132020202020202020202020202020C0
S1115B212020202020001010100E0000000094
S10C5B2F00000020FF1F4F1F734A
S1095B382093252E252E0A
S1095B3E252E252E252E64
S1095B44252E252E5C95C0
S1095B4A5C955C955CAD66
S1095B505F4F5C955C95BB
S1095B565C955C955C9572
S1115B5C5C95000000082020202020444546CF
S1115B6A41554C5453202020202020200020A0
S1115B784558495420202020202020202020A1
S1115B8620202020200020524553544F524529
S1115B942044454641554C5453202020002007
S1115BA2202020202020202020202020202031
S1115BB02020202020002020202020205741EB
S1115BBE524E494E472020202020202000591E
S1115BCC4F552057494C4C204C4F5345204117
S1115BDA4C4C202020004F46205448452043C8
S1115BE8555252454E542020202020200053B8
S1115BF6455454494E4753205748454E2020ED
S1115C04202020202000524553544F52494E78
S1115C12472044454641554C54532020002061
S1115C202020202020202020202020202020B2
S1115C2E2020202020002020202020202020C4
S1115C3C2020202020202020202020200020B6
S1115C4A202020202020202020202020202088
S1115C5820202020200000000000000000009A
S10C5C66000000252E252E252E38
S1095C6F252E252E252E32
S1095C75252E252E252E2C
S1095C7B252E252E5F4FCB
S1095C815F575C955C9581
S1095C875C955C955C9540
S1095C8D5C955C955C953A
S1055C935C951A
S105E16B0000AE
S105E16D0000AC
S104E16F01AA
S104E17000AA
S111E17100000000000000000000000000009C
S10DE17F0000000000000000000092
S2110E13D9180BFF0002180BFF0003180BFC8C
S2120E13E60009180BC0026A180B3C0252180BB8
S2120E13F4BF025A180B0F024A180B040242795B
S2120E1402008D180B800082180B230083180B2B
S2120E1410800085180B91000C79025479025557
S2120E141E790000180B020001790008790268AA
S2110E142C790250790258790248790240790B
S2120E1439026D180BFF024C79024E0A180B803D
S2120E14470038180B40003B79025D79025E18E5
S2120E14550B800046180B210040180BF9004CB9
S2110E1463180B05004D180B42004A180B80A2
S2120E1470004B1C004C100A180B050035180B0E
S2120E147E1100341F003708FB1C0039800A18B8
S2120E148C0BFF00A1180BFA00A2180B4400A3CB
S2110E149A180B6400B4180B6400B5180B6434
S2120E14A700B6180B6400B7180B6400B8180BCE
S2120E14B56400B9180B6400BA180B6400BB79FD
S2120E14C300BC7900BD7900BE7900BF7900C06E
S2120E14D17900C17900C27900C3180B3000A84E
S2120E14DF180B3000A9180BBF00A00A79008D5E
S2110E14ED180B800082180B230083180B4589
S20C0E14FA0084180B8000850A21
S1115C95CC00003D18030F4223D2CC00003D8A
S1105CA3180307A123D4CC00003D1B904A38
S1105CB096373887B7466D8CF624EC87B71D
S1115CBD46CC0006136C86CD21706D80E3800A
S1115CCBB746E640876C84EC86CE216F6E806F
S1115CD9E380B746E64087B746EE84B7646EB4
S1115CE780E380830001596C82ED8CCC013780
S1115CF513B746CE468BB7646E80E380B74685
S1105D03EC826D80E380B7461802408EF6F6
S1115D10252DC1002653180B01252D79252BB6
S1105D1E79252CEC8EC30020B746ED408D96
S1115D2B00002705180B01252BEC8EC3001178
S1115D39B746E640C1002C0D180B01252CECDA
S1105D478E4A958638203EF624EC87B74638
S1115D54CC000613B746CE216BB7646E80E315
S10D5D62804AA4493820234A950220
S1105D6C38B7456E8EB754C30011B746E634
S1105D7940C1002C08EC8E4A95FA38200633
S10C5D86EC8E4A96F3384AACD1C4
S10B5D8F38CC00001BF0103DAC
S2110E15021B9218008A00014A96373887B7EC
S2120E150F466D88F624EC87B746CC0006136CA5
S2120E151D86CD21706D80E380B746E640876C63
S2120E152B84EC86CE216F6E80E380B746E640D7
S2120E153987B746EE84B7646E80E380830001AB
S2120E1547596C82ED88CC013713B746CE468B14
S2120E1555B7646E80E380B746EC826D80E3804E
S2120E1563B7461802408C200EED8C19E82018A4
S2120E157102408CED8A026D8AF6252B87AC8A18
S2120E157F2EEAEC8C1B8E0A3B1B96F6252CB71E
S2110E158D1603B764876C80EC8A4A9A1D38E8
S2120E159A1B84ED8A1802408618024288EC8AE0
S2120E15A8C3000CB745ED8A180202AE180200FC
S2120E15B6AE1800AE00001800AE3F801672BCD7
S2110E15C4306E40306E42EC8A4A978538F63F
S2120E15D124EC87B746CC000613B746CE216B29
S2110E15DFB7646E84E3844AA4493818028669
S2110E15EC8018028882EC8A4AA0B2391B8C49
S2120E15F90A3B1B9BF6252CB71602B7616B82BB
S2120E1607EC85C30011B746E640B714180D82E8
S2110E1615252C4AB50839B7456E80E682874B
S2110E1622AC802F08EC854A96F3382006ECB7
S2110E162F854A9586381B870A1B9018008E7C
S2120E163C0000CC0137ED8E13B746CE00066DBD
S2110E164A8CF624EC87B746B754136C8ACD89
S2120E1657216B6D80E3806C88EC8CCE45806E29
S2120E166580E380B746E640B716EE88B761E122
S2120E16730018260068EC8ACD216C6D80E38090
S2120E16816C86EC8CCE45816E80E380B746E616
S2120E168F40B716EE86B761E1002646EC8ACD11
S2120E169D216D6D80E3806C84EC8CCE45826EE3
S2120E16AB80E380B746E640B716EE84B761E1E0
S2120E16B9002624EC8ACD216E6D80E3806C82B6
S2120E16C7EC8CCE45836E80E380B746E640B7C9
S2120E16D516EE82B761E1002602200CED8E02A4
S2120E16E36D8E8D0013182DFF52EC8E871BF0A9
S2120E16F1100A3B1B9EEC82C30020B746ED404F
S2110E16FF8D0000275572252B4A950238B730
S2120E170C456E82B754C30011B746E640C100C4
S2110E171A2C0D180B01252CEC824A958638F6
S2110E17272059F6252BC100260379252DF638
S2120E173424EC87B746CC000613B746CE216BC4
S2110E1742B7646E80E3804AA44938F6252B66
S2110E174FC100262F4AAC4538202979252DDD
S20E0E175C79252B79252C79252AF61F
S2120E176624EC87B746CC000613B746CE216B92
S2110E1774B7646E80E3804AA449384AAC453F
S2100E1781381B840A3B1BF180ECF080C382
S2110E178D001EB746EC404AB704398C00002B
S2120E179A18270109ECF080C30011B746E64092
S2120E17A8C100182D00F9CD00646D82ECF080A5
S2120E17B6C3001EB746ED406D8019F018B764DE
S2110E17C44AB79239CD5FA46D8019F018B7A4
S2110E17D1644AB88A396CF07C1AF07E180057
S2120E17DE0000002016CD5FA46D80CC00004AE1
S2110E17ECB88A396CF07CEDF07E026DF07E52
S2120E17F9ECF07E166F4CEDF084180242AE1821
S2120E18070240AE1800AE00001800AE3F80166F
S2120E181572B516736A2DC7ECF080C30011B7BD
S2120E182346E640B7166D82EDF07C6D80ECF05A
S2100E183180C300124AB79239ECF080C358
S2120E183D00126C88CD5F9C6D86CD000A6D8401
S2110E184BCD5F9E6D8219F0186D804AAA942E
S2100E18583919F018B7644AB70439B745C2
S2120E18646EF016ECF080C30011B746E640B7E5
S2110E1872144AB50839B7456EF014ECF08038
S2120E187FC30011B746E640B7166D82ECF016A3
S2120E188D19F0186D8EE38EA3F0146C80ECF03E
S2110E189B80C300124AB792391820016CEC7B
S2110E18A8F080C3001EB746EC404AB7043968
S2120E18B58C00001827009AECF080C30011B7C6
S2120E18C346E640C100182C008ACD00646D82E9
S2120E18D1ECF080C3001EB746ED406D8019F099
S2110E18DF18B7644AB792391AF07E1800004A
S2110E18EC00002031EDF07E8D00002613CD9D
S2110E18F95FA46D8019F018B7644AB88A39DE
S2120E19066CF07C200FCD5FA46D80CC00004AE6
S2110E1914B88A396CF07CEDF07E026DF07E28
S2120E1921ECF07E166F4CEDF084180242AE18F7
S2120E192F0240AE16736A2DB9ECF080C300129D
S2120E193DB746F6252C878300016D8EE38EB717
S2120E194B46E6F3007C6B40182000BD69F018CF
S2120E1959ECF080C30010B746E640C100273201
S2120E1967EDF0801802408A1802428CECF080DA
S2120E1975C30010B746E640876C88CD5F9C6DAB
S2120E198386CD000A6D84CD5F936D8219F01826
S2110E19916D804AAA94392030EDF0801802C1
S2120E199E408A1802428CECF080C30010B7464A
S2120E19ACE640876C88CD5F9C6D86CD000A6D7A
S2120E19BA84CD5F8B6D8219F0186D804AAA944C
S2100E19C83919F018B7644AB70439B74551
S2120E19D46EF012ECF080C30011B746E640B778
S2110E19E2144AB50839B7456EF010ECF080CB
S2120E19EFC30011B746E640B7166D82ECF01236
S2120E19FD19F0186D8EE38EA3F0106C80ECF0D1
S2100E1A0B80C300124AB79239ECF080C37C
S2120E1A1700121BF0820A3B1BF17AECF086C31F
S2110E1A25001EB746EC404AB704398C000090
S2120E1A32182700ABECF086C30011B746E64050
S2120E1A40C100182D009BCD00786D82ECF0864E
S2120E1A4EC3001EB746ED406D80198AB7644A77
S2110E1A5CB792391AF08418000000012057CA
S2120E1A69EDF0848D00012612CD5FA46D80195F
S2110E1A778AB7644AB88A396CF082200FCD0B
S2110E1A845FA46D80CC00004AB88A396CF065
S2110E1A9182EDF0826D80ECF086C300124AE6
S2110E1A9EB668398C00002613ECF084EDF0CF
S2120E1AAB86166F4C306E40306E421820011FAD
S2120E1AB9EDF084026DF084ECF084166F4CECAB
S2120E1AC7F08AC3000CB746180242AE18024054
S2120E1AD5AE16736A182FFF8C182000F7ECF072
S2110E1AE386C3001EB746EC404AB704398C89
S2120E1AF00000182700B1ECF086C30011B746B2
S2120E1AFEE640C100182C00A1CD00786D82ECDB
S2120E1B0CF086C3001EB746ED406D80198AB7F0
S2110E1B1A644AB792391AF0841800000001D4
S2110E1B271820005DEDF0848D00012612CD15
S2110E1B345FA46D80198AB7644AB88A396CB2
S2110E1B41F082200FCD5FA46D80CC00004A10
S2110E1B4EB88A396CF082ECF086C30012B730
S2120E1B5B46E6F08C876D84E384B746E640E1DE
S2120E1B69F300822613ECF084EDF086166F4C19
S2120E1B77306E40306E4218200057EDF084029D
S2110E1B856DF084ECF084166F4CECF08AC305
S2110E1B92000CB746180242AE180240AE1602
S2120E1B9F736A182FFF862031ECF086C3001EE8
S2110E1BADB746EC404AB704398C0000261EE1
S2120E1BBAECF086C300121677793A6C883A6CF9
S2120E1BC888EDF086EC883BEC883B306E4030A5
S2120E1BD66E42EDF086180242AE180240AECCFD
S2090E1BE400880672A247
S1105D971800AE24001800AE44741801AECC
S10E5DA420291801AE202716746D168C
S1115DAF6EBAB7467D23DC1C000040CC000019
S1115DBD3D1801AE1F991801AE1F97166EBA5D
S1115DCB7B00C11D0000041803014523DECC3B
S1115DD900003D1800AE00001800AE42C818CD
S1105DE701AE1F991801AE1F971672B51674
S1105DF46EBA7B00C11C00000418030145B9
S1115E0123DECC00003D1801AE1FBD1801AE1B
S1115E0F1FBB166EBA7B00BF1D0000081803EF
S1115E1D014523DECC00003D1800AE00001845
S1115E2B00AE42C81801AE1FBD1801AE1FBB69
S1115E391672B5166EBA7B00BF1C0000081866
S1115E4703014523DECC00003D1801AE1FE12F
S1115E551801AE1FDF166EBA7B00C31D0000DD
S1115E63011803014523DECC00003D1800AEFB
S1115E7100001800AE42C81801AE1FE118016F
S1105E7FAE1FDF1672B5166EBA7B00C31C91
S1115E8C0000011803014523DECC00003D1880
S1115E9A00AE00001800AE42C81801AE20058C
S1115EA81801AE20031672B5166EBA7B00C048
S1115EB61C0000021803014523DECC00003D51
S1115EC41801AE20051801AE2003166EBA7B3D
S1105ED200C01D0000021803014523DECCB2
S1105EDF00003D1B9818030000101018036C
S1115EEC00001012CD00646D86CD00646D843C
S1115EFA180180111B180182111D165FF4CCD3
S1115F0800001B883D1B9818030000101018A1
S1115F160300001012CD00646D86CD00646D92
S1115F248418008000001800820000165FF44C
S1095F32CC00001B883DB9
S2120E1BE93B1B9EF6252CB71603B764876C8042
S2110E1BF7EC824A9A1D381B841800AE33335C
S2120E1C041800AE3FF3FC1016166F6A16746DBF
S2120E1C12166EBAB7467D23B5F61018C100271B
S2120E1C2033ED82EE82180202AE180200AE18E7
S2120E1C2E00AE00001800AE4120EC8AC3000483
S2120E1C3CB745180202AE180200AE16746D16EC
S2120E1C4A72BC306E40306E422024ED82EE826A
S2120E1C58180202AE180200AEEC86C30004B7E9
S2120E1C6645180202AE180200AE1672BC306EA4
S2120E1C7440306E42ED82180242AE180240AEAE
S2120E1C82EC86C3000CB746180242AE1802409F
S2120E1C90AEEC8AC30004B746180242AE180227
S2110E1C9E40AE1800AE00001800AE41201635
S2110E1CAB73A31672BC16736A2F17EC82C355
S2120E1CB80008B745ED82180202AE180200AE06
S2110E1CC6306E40306E42EC824A9785381B19
S2120E1CD3840A3B1B9EF6252CB71603B76487B5
S2110E1CE16C80EC824A9A1D381B841800AEEB
S2120E1CEE33331800AE3FF3FC1016166F6A1650
S20F0E1CFC746D166EBAB7467D23B5F663
S2120E1D071018C1002733ED82EE82180202AECF
S2120E1D15180200AE1800AE00001800AE4120F8
S2120E1D23EC8AC30004B745180202AE18020082
S2120E1D31AE16746D1672B5306E40306E4220D1
S2120E1D3F24ED82EE82180202AE180200AEEC02
S2120E1D4D86C30004B745180202AE180200AE9A
S2120E1D5B1672B5306E40306E42ED82180242A1
S2120E1D69AE180240AEEC86C30008B74618024F
S2120E1D7742AE180240AEEC8AC30004B7461801
S2120E1D850242AE180240AE1800AE0000180065
S2120E1D93AE41201673A31672B516736A2C1781
S2120E1DA1EC82C3000CB745ED82180202AE1897
S2120E1DAF0200AE306E40306E42EC824A9785D1
S2080E1DBD381B840A2E
S1115F38F624F7C100260CF6101CC110260535
S1105F46180B0124F7CC00003D4AA3693874
S1115F53CC00003D180BFF10311D23AC014A99
S10D5F61B7C1381803006123E2FD04
S10F5F6B23E28D000026F84AB0C3384A37
S10A5F77B2A438CC00003D88
S2110E1DC11B98F6252DC100271A4A9E9B384A
S2110E1DCE4A950238B7456E86F6252A876CB4
S2110E1DDB80EC864AB229382047F624EC87A5
S2120E1DE8B746CC000613B746CE216FB7646E14
S2120E1DF682E382B7466D84E6F30004B716034A
S2110E1E04EE84B7616B00F624EC87B746CC73
S2120E1E11000613B746CE216BB7646E82E382D0
S20B0E1E1F4AA449384AAC45FF
S20F0E1E26384AACD1381B880A1B98F611
S20F0E1E31252DC100271A4A9ECD384A08
S2110E1E3C950238B7456E86F6252A876C800F
S2110E1E49EC864AB229382047F624EC87B7FF
S2120E1E5646CC000613B746CE216FB7646E82DA
S2120E1E64E382B7466D84E6F30004B71602EE70
S2120E1E7284B7616B00F624EC87B746CC0006EC
S2110E1E8013B746CE216BB7646E82E3824A1E
S20A0E1E8DA449384AAC45DC
S20F0E1E93384AACD1381B880A1B9E4A4A
S20A0E1E9E9502384A9BE98E
S2110E1EA438F624EC87B746CC000613B7467A
S2110E1EB1CE216BB7646E80E3804AA44938DC
S20B0E1EBE4AACD1384A95022A
S20F0E1EC5384A99143A1B820A1B9E4AEC
S20A0E1ED09502384A9CD56F
S2110E1ED638F624EC87B746CC000613B74648
S2110E1EE3CE216BB7646E80E3804AA44938AA
S20B0E1EF04AACD1384A9502F8
S2100E1EF7384A99143A1B820A3B1B94ECE6
S2120E1F038CC30168B746180240841802428648
S2110E1F11ED8C180240881802428A180180D6
S2120E1F1E111B180182111DEC863BEC863BEC67
S2110E1F2C863BEC863B1800AE00001800AE9B
S2120E1F393F801672B516736A2F1EEC823BECB6
S2110E1F47823B1800AE00001800AE3F80165C
S2120E1F5472B53A6C863A6C86180B012552EC66
S2110E1F628A3BEC8A3B1800AE00001800AE5D
S2120E1F6F40001673A3EC8A3BEC8A3B1672BC3F
S2120E1F7DEC863BEC863B16736A2F271800AEDA
S2120E1F8B00001800AE4000EC863BEC863BECE9
S2120E1F998E3BEC8E3B1672B516746D3A6C8A45
S2120E1FA73A6C8A180B012552EC863BEC863BF4
S2120E1FB5EC8E3BEC8E3B1800AE00001800AE15
S2120E1FC340001673A31672B51800AE00001876
S2120E1FD100AE000016736A2C1E1800AE00003E
S2120E1FDF1800AE4000EC8A3BEC8A3B16746D82
S2120E1FED3A6C8A3A6C8A180B012552EC8A3B27
S2120E1FFBEC8A3B1800AE00001800AE00001672
S2120E2009736A260F1800883F8018008A0000A3
S2120E2017180B012552EC8CC30168B746EC86FA
S2120E20253BEC863B306E40306E42ED8CEC8A05
S2110E20333BEC8A3B306E40306E42EC8C4A21
S2110E20409785381B8E0A1BF1CFF624EC8711
S2120E204DB746CC0006136CF02ACD216C6D80C3
S2110E205BE380B746E6406BF02EECF02ACE82
S2120E206821716E80E380B746E6F02E6B40F6D2
S2110E207624EC87B746CC0006136CF028CD80
S2120E2083216D6D80E380B746E6406BF02DECC7
S2120E2091F028CE21726E80E380B746E6F02D64
S2120E209F6B40F624EC87B746CC0006136CF0AA
S2120E20AD26CD216E6D80E380B746E6406BF0C2
S2120E20BB2CECF026CE21736E80E380B746E640
S2120E20C9F02C6B40F624EC87B746CC000613C0
S2120E20D76CF024CD21706D80E3806CF022EC50
S2120E20E5F024CE216F6E80E380B746E640B73D
S2120E20F316EEF022B761EB00B7166DF020EC7D
S2120E2101F024CE21746E80E380B746ECF020FC
S2120E210F6B401AF02F1800000000CC0137EDC2
S2120E211DF02F13B746CE00066DF01EF624EC1D
S2120E212B87B746B754136CF01CCD21716D802D
S2120E2139E3806CF01AECF01ECE45806E80E34E
S2120E214780B746E640B716EEF01AB761E10016
S2120E2155182600D4ECF01CCD21726D80E380AF
S2120E21636CF018ECF01ECE45816E80E380B751
S2120E217146E640B716EEF018B761E1001826E7
S2120E217F00ACECF01CCD21736D80E3806CF08E
S2120E218D16ECF01ECE45826E80E380B746E658
S2120E219B40B716EEF016B761E1001826008467
S2120E21A9ECF01CCD21746D80E3806CF014EC0F
S2120E21B7F01ECE45836E80E380B746E640B738
S2120E21C516EEF014B761E100265E7224ECF6FC
S2120E21D324EC87B746CC000613B746CE216F17
S2120E21E1B7646E80E380B746CC00016B40F606
S2120E21EF24EC87B746CC000613B746CE2170FA
S2120E21FDB7646E80E380B746CC00006B40F6EB
S2120E220B24EC87B746CC000613B746CE216BE2
S2110E2219B7646E80E3804AA449384AAC458F
S2100E2226384AACD138200EEDF02F026DB9
S2110E2232F02F8D0013182DFEDEEDF02F8D13
S2120E223F0013182D01201AF02F1800000000B4
S2120E224DCC0137EDF02F13B746CE00066DF01F
S2120E225B12F624EC87B746B754136CF010CD6F
S2120E2269216B6D80E3806C8EECF012CE4580FD
S2120E22776E80E380B746E640B716EE8EB76171
S2120E2285E100182600CCECF010CD216C6D801A
S2120E2293E3806C8CECF012CE45816E80E380FC
S2120E22A1B746E640B716EE8CB761E10018267B
S2120E22AF00A6ECF010CD216D6D80E3806C8ADB
S2120E22BDECF012CE45826E80E380B746E64009
S2120E22CBB716EE8AB761E10018260080ECF01A
S2120E22D910CD216E6D80E3806C88ECF012CE78
S2120E22E745836E80E380B746E640B716EE8857
S2120E22F5B761E1001826005AF624EC87B746AD
S2120E2303CC0006136C86CD21706D80E380B77D
S2120E231146E640876C84EC86CE216F6E80E327
S2120E231F80B746E64087B746EE84B7646E80FB
S2120E232DE380830001596C82EDF02FCC013751
S2120E233B13B746CE46A1B7646E80E380B74653
S2120E2349EC826D80E380B746ED401540200E08
S2120E2357EDF02F026DF02F8D0013182DFEE800
S2120E23651BF0310A1B9AF624ECC100272873D3
S2120E237324ECF624EC87B746CC000613B746CD
S2110E2381CE216BB7646E80E3804AA4493807
S20B0E238E4AAC45384AACD1FB
S2100E239538182000A0F624EC87B746CCC3
S2120E23A1000613B746CE216BB7646E80E3803F
S2120E23AFB746CC00006B40F624EC87B746CC43
S2120E23BD000613B746CE216CB7646E80E38022
S2120E23CBB746CC00006B40F624EC87B746CC27
S2120E23D9000613B746CE216DB7646E80E38005
S2120E23E7B746CC00006B40F624EC87B746CC0B
S2120E23F5000613B746CE216EB7646E80E380E8
S2120E2403B746CC00006B401D23E4401D23752B
S2110E2411014AAC7C381800840001180B55EB
S2110E241E003F180BAA003F4AB7C1386C826B
S2110E242BED84026D848D00082FE6180B015F
S20D0E2438101E79252D79252C794C
S2110E2441252B79252A1B860A3B1BF1C34A64
S2110E244E963738876CF0371AF039180000F4
S2120E245B0000CC0137EDF03713B746CE4584A1
S2120E2469B7646E80E380B746ECF0396D80E304
S2120E247780B746E6406BF034ECF039CE23F01C
S2120E24856E80E380B746E6F0346B40EDF0391D
S2120E2493026DF0398D00142FC1F624EC87B7BB
S2120E24A146CC0006136CF02CCD216F6D80E33A
S2120E24AF80B746E640C10018230091ECF02CD4
S2120E24BDCD21706D80E380B746E640876CF04A
S2120E24CB2AECF02CCE216F6E80E380B746E62C
S2120E24D94087B746EEF02AB7646E80E380B7F3
S2120E24E746CC0015136CF028EDF037CC0137FE
S2120E24F513B746CE4584B7646E80E380B746B6
S2120E2503ECF0286D80E380B74602E640C1205D
S2120E25112638F624EC87B746CC000613B746DF
S2120E251FCE216FB7646E80E380B746CC000107
S2120E252D6B40F624EC87B746CC000613B74676
S2120E253BCE2170B7646E80E380B746CC0000EB
S2120E25496B40F624EC87B746CC0006136CF0FB
S2120E255726CD21706D80E3806CF024ECF0260D
S2120E2565CE216F6E80E380B746E640B716EEC8
S2120E2573F024B761EB00C10C2538F624EC8779
S2120E2581B746CC000613B746CE216FB7646E73
S2120E258F80E380B746CC00016B40F624EC8746
S2120E259DB746CC000613B746CE2170B7646E56
S2120E25AB80E380B746CC00006B40F624EC872B
S2120E25B9B746CC000613B746CE216FB7646E3B
S2120E25C780E380B746E640C109182600C8F627
S2120E25D524EC87B746CC000613B746CE217010
S2120E25E3B7646E80E380B746E64087B746CCF8
S2110E25F1001513C300BD6CF022EDF037CCC4
S2120E25FE013713B746CE4584B7646E80E38071
S2120E260CB746ECF0226D80E380B74602E6403D
S2120E261AC1202746F624EC87B746CC000613E2
S2120E2628B746CE2170B7646E80E380B7466D5F
S2120E2636F020E6F30020B71602EEF020B76195
S2120E26446B00F624EC87B746CC000613B7469E
S2120E2652CE216FB7646E80E380B746CC0008CC
S2120E26606B402038F624EC87B746CC000613E7
S2120E266EB746CE216FB7646E80E380B746CCBB
S2120E267C00016B40F624EC87B746CC00061322
S2120E268AB746CE2170B7646E80E380B746CC9E
S2120E269800006B40F624EC87B746CC00061307
S2120E26A6B746CE216FB7646E80E380B746E669
S2120E26B440C10018260146F624EC87B746CC29
S2120E26C2000613B746CE2170B7646E80E38016
S2120E26D0B746E640C1002748F624EC87B7460C
S2120E26DECC000613B746CE2170B7646E80E3AE
S2120E26EC80B7466DF01EE6F3001EB71603EE20
S2110E26FAF01EB7616B00F624EC87B746CCD9
S2120E2707000613B746CE216FB7646E80E380D1
S2120E2715B746CC00016B40182000E11AF03BD0
S2120E2723180000000BCC0015EDF03B13B74669
S2120E2731CE01376DF01CEDF037B754136CF07A
S2120E273F1ACD45846D80E380B746ECF01C6D17
S2120E274D80E380B74602E640C120271DECF062
S2120E275B1ACD45846D80E380B746ECF01C6DFB
S2120E276980E380B746E640C1202602200CED27
S2120E2777F03B036DF03B8D00002EA6EDF03B02
S2120E27858D00082F3EF624EC87B746CC0006D5
S2120E279313B746CE216FB7646E80E380B7464E
S2120E27A1CC00086B40F624EC87B746CC00063C
S2120E27AF13B746CE2170B7646E80E380B74631
S2120E27BDECF03B830008876B402039F624ECC8
S2120E27CB87B746CC000613B746CE216FB7640E
S2110E27D96E80E380B746ECF03B876B40F653
S2120E27E624EC87B746CC000613B746CE2170FD
S2120E27F4B7646E80E380B746CC00006B401ACA
S2110E2802F03B18000000011AF03918000017
S2120E280F0000F624EC87B746CC000613B7463C
S2120E281DCE2170B7646E80E380B746E6408725
S2120E282BB746ECF03B6D80E380B746CC00154A
S2120E2839136CF018EDF037CC013713B746CE01
S2120E28474584B7646E80E380B746ECF0186DDD
S2120E285580E380B746ECF0396D80E380B74620
S2120E2863E6406BF034EDF03BCC001513B74696
S2120E2871CE23F0B7646E80E380B746ECF039E7
S2120E287F6D80E380B746E6F0346B40EDF03920
S2120E288D026DF0398D0014182FFF79EDF03B1A
S2120E289B026DF03B8D0008182FFF631AF03BFF
S2120E28A91800000001F624EC87B746CC000699
S2120E28B713B746CE2170B7646E80E380B74628
S2120E28C5E64087B746ECF03B6D80E380B746E4
S2120E28D3036DF016EDF037CC013713B746CE78
S2120E28E14680B7646E80E380B746ECF0166D48
S2120E28EF80E380B746E640C10018270337F692
S2120E28FD24EC87B746CC000613B746CE2170E5
S2120E290BB7646E80E380B746E64087B746ECAC
S2120E2919F03B6D80E380830001596CF014EDE8
S2120E2927F037CC013713B746CE468BB7646E2C
S2120E293580E380B746ECF0146D80E380B74664
S2120E29431AF033180240001AF0301808000181
S2120E29511AF03118000000011AF039180000B6
S2120E295F00001AF02E180000000018200215B8
S2120E296DF6252BC100182600A5F6252DC10056
S2120E297B1827009CF624EC87B746CC000613F1
S2120E2989B746CE216FB7646E80E380B746E683
S2110E29974087ACF03B1826007BEDF02E8D31
S2110E29A4000018260071F624EC87B746CC0E
S2120E29B1000613B746CE2170B7646E80E38024
S2120E29BFB746E64087B746ECF03B6D80E380E9
S2120E29CDB746036DF012EDF037CC013713B798
S2120E29DB46CE4680B7646E80E380B746ECF0BC
S2120E29E9126D80E380B746E64087B746036D54
S2120E29F7F010EDF03BCC001513B746CE23F0D5
S2120E2A05B7646E80E380B746ECF0106D80E38B
S2120E2A1380B746CC003E6B40F6252B87ACF007
S2120E2A21311826009BF624EC87B746CC00062E
S2120E2A2F13B746CE216FB7646E80E380B746AF
S2120E2A3DE64087ACF03B1826007AEDF02E8DA4
S2110E2A4B000018260070F624EC87B746CC67
S2120E2A58000613B746CE2170B7646E80E3807C
S2120E2A66B746E64087B746ECF03B6D80E38041
S2120E2A74B746036D8EEDF037CC013713B7461E
S2120E2A82CE4680B7646E80E380B746EC8E6D4F
S2120E2A9080E380B746E64087E3F039B746038C
S2120E2A9E6D8CEDF03BCC001513B746CE23F034
S2120E2AACB7646E80E380B746EC8C6D80E380D8
S2120E2ABAB746CC003E6B40ECF033C30011B7AF
S2110E2AC846E640C1002D07ECF0334A978518
S2110E2AD538ECF033C30012B746ECF02E6D51
S2120E2AE280E380B746E640C1001827009DF63A
S2120E2AF024EC87B746CC000613B746CE2170F0
S2120E2AFEB7646E80E380B746E64087B746ECB8
S2120E2B0CF03B6D80E380B746036D8AEDF03722
S2120E2B1ACC013713B746CE4680B7646E80E306
S2120E2B2880B746EC8A6D80E380B746E640879F
S2120E2B36E3F0396C88EDF03BCC001513B74675
S2120E2B44CE23F0B7646E80E380B746EC886D45
S2120E2B5280E380B7466D86ECF033C30012B7F4
S2120E2B6045ECF02E6E80E380B746E640B716C4
S2120E2B6EEE86B7616B00EDF039026DF039EDB4
S2120E2B7CF02E026DF02EEDF0398D0014182F8F
S2110E2B8AFDE1ECF033C30020B746ED408DA4
S2120E2B9700001827008AEDF03319E8201AF019
S2120E2BA53318024000F624EC87B746CC000626
S2120E2BB313B746CE2170B7646E80E380B74629
S2120E2BC1E64087B746ECF03B6D80E380B746E5
S2110E2BCF036D84EDF037CC013713B746CEFC
S2120E2BDC4680B7646E80E380B746EC846D804C
S2120E2BEAE380B746E64087E3F0396C82EDF0E6
S2120E2BF83BCC001513B746CE23F0B7646E80A6
S2110E2C06E380B746EC826D80E380B746CCC7
S2120E2C1300206B40EDF039026DF039EDF03119
S2120E2C21026DF031200369F030E6F030C1008F
S2120E2C2F1826FD2EEDF03B026DF03B8D0008D4
S2120E2C3D182FFC6D1BF03F0A1B9EF624EC872C
S2120E2C4BB746CC000613B746CE216FB7646EA2
S2120E2C5980E380B746E64087B746CC001513DC
S2120E2C67B746CE23F0B7646E80E380B746CC39
S2110E2C75003E6B401B820A1B9E18030310C8
S2110E2C82251E180B082520792522180B029A
S2120E2C8F2523180B432524180B6C2525180B31
S2120E2C9D722526180B3A2527180B03252879C4
S20C0E2CAB2529CC251E4A91AB2B
S2100E2CB33887C1002607CC88014A8E4BDD
S2110E2CBF38180300F423E2FD23E28D00001A
S2110E2CCC26F81B820A1B954AAF0D3818031A
S2120E2CD90310251E180B082520792522180B31
S2120E2CE7022523180B4D2524180B65252518DF
S2120E2CF50B6E2526180B752527180B3A25286C
S20D0E2D03792529CC251E4A91AB58
S2100E2D0C3887C1002607CC88014A8E4B83
S2110E2D18381803003023E2FD23E28D000084
S2120E2D2526F8180085000018030310251E1849
S2110E2D330B07252079252279252818008704
S2120E2D400000180B55003F180BAA003F180097
S2120E2D4E890000CC0015ED8513B746CE23F097
S2120E2D5CB7646E80E380B746EC87E3896D8021
S2120E2D6AE380B746E6406B82EC89CE25236EDC
S2120E2D7880E380B746E6826B40ED89026D89D9
S2110E2D868D00042FC6CC251E4A91AB388753
S2110E2D93C1002607CC88014A8E4B38180367
S2110E2DA0000523E2FD23E28D000026F84A12
S2110E2DADB7C1386C83EC87C300056C878CAD
S2120E2DBA000F182FFF82ED85026D858D000826
S2110E2DC8182FFF6018030310251E180B03AE
S20F0E2DD52520792522180B03252379F4
S20C0E2DE02524CC251E4A91ABFA
S2100E2DE83887C1002607CC88014A8E4BA7
S2110E2DF4381803003023E2FD23E28D0000A8
S2120E2E0126F81B8B0A3B1B9418030310251E87
S2110E2E0F180B082520180B6E2522180B0236
S2120E2E1C252318008A0000EC8ACD25246D8032
S2120E2E2AE380B746EC8AE38CB745E6006B40B5
S2120E2E38ED8A026D8A8D00052FE1CC251E4A0E
S2100E2E4691AB3887C1002607CC88014AE5
S20E0E2E528E4B381803003023E2FD05
S2120E2E5C23E28D000026F8180B6E25221800B5
S2110E2E6A880006205218008A0000EC8ACD63
S2120E2E7725236D80E380B746EC88E38AE38C55
S2120E2E85B745E6006B40ED8A026D8A8D00069C
S2110E2E932FDFCC251E4A91AB3887C10026D6
S2100E2EA007CC88014A8E4B38180300053C
S2110E2EAC23E2FD23E28D000026F84AB7C192
S2110E2EB938EC88C300076C88EC8C4AB70412
S2110E2EC6396C82ED88AD821825FF9E18032C
S2120E2ED30310251E180B032520180B6E252245
S2100E2EE1180B032523792524CC251E4A49
S2100E2EED91AB3887C1002607CC88014A3E
S20E0E2EF98E4B381803003023E2FD5E
S2120E2F0323E28D000026F81B8E0A180303101C
S2110E2F11251E180B082520792522180B0208
S2120E2F1E2523180B482524180B6F2525180B97
S2120E2F2C6D2526180B652527180B3A25281836
S20E0E2F3A0B032529CC251E4A91AB89
S2100E2F443887C1002607CC88014A8E4B49
S2110E2F50381803003023E2FD23E28D00004A
S2120E2F5D26F80A1BF1701800860000F6080013
S2110E2F6BC1FF26084AB0C33818200148CC16
S2110E2F7808004AB704398C0080231C180888
S2120E2F8588FFCD08006D8219886D80CC000185
S20B0E2F934A800B384AB2A477
S2110E2F9A3818200120CD00826D82CD080073
S2110E2FA76D801988B7644AB79239CD5FA4C5
S2110E2FB46D801988B7644AB88A396CF08EA5
S2120E2FC1CD10316DF08C182000C3ECF08E4A49
S2110E2FCFB704398C000C231C180888FFCDA3
S2120E2FDC08006D8219886D80CC00014A800BAD
S2100E2FEA384AB2A438182000CCCD000CDB
S2110E2FF66D82EDF08E6D80ECF08C4AB79279
S2100E300339CD5FA46D80CC00004AB88A60
S2110E300F396CF08E8C000018260064EC86DE
S2120E301CC300806C86C30800B746E640C100AF
S2120E302A260418200068EC86C308004AB70479
S2110E3038398C0080231C180888FFCD080078
S2110E30456D8219886D80CC00014A800B3814
S2110E30524AB2A43818200065CD00826D82AB
S2120E305FEC86C308006C801988B7644AB792D8
S2110E306D39CD5FA46D801988B7644AB88A05
S2110E307A396CF08ECC1055CD10316D84A340
S2120E308784E3F08C6CF08CCD1F3DADF08C18F3
S2120E309524FF33CD101F6DF08A2017CD0000DD
S2110E30A36D80ECF08A4A9A1D381B84ECF006
S2120E30B08AC300246CF08ACD1F2BADF08A2446
S2120E30BEE11BF0900A1BF16919F09318004002
S2120E30CC000018008F0000698E198E6D8CCDD8
S2110E30DA10316DF095182000AAECF0954A06
S2110E30E7B70439B7456E8AECF093E38AB74E
S2110E30F446028D0080241CEDF0956D84CDF7
S2120E31015F876D82ECF09319F0116D86E386F3
S2110E310F6C804AAA94392011ECF09319F04A
S2120E311C106D86E386B746CC00006B40ECF0D6
S2110E312A954AB70439B7456E88ECF093E36E
S2120E313788B746026DF0938D007F2F3AEC8F10
S2120E3145C308006C8219F0116D80CC00804A13
S2110E3153800B38EC8FC300806C8FEDF0956E
S2110E31606D84CD5F876D8219F0116D804A6B
S20D0E316DAA9439ECF0954AB70459
S2110E317639B746026DF093CC1055CD1031D2
S2120E31836D86A386E3F0956CF095CD1F3DADE0
S2120E3191F0951824FF4CECF09319F0106D8696
S2120E319FE386B746CC00006B40EC8FC30800EC
S2110E31AD6C8219F0116D80CC00804A800BEC
S2110E31BA38EC8FC308806C82ED8C6D80CCD7
S2110E31C700014A800B38F6101AC1012606CC
S2120E31D4165FDA79101A1BF0970A1B9E18006B
S2120E31E2800B00ED80180D4024EFED800218D5
S2120E31F00D4024F0F624F0B714B710F624EFB8
S2110E31FE7C2504EC80C30002B746180D4079
S2120E320B24EDEC80C30003B746180D4024EEEB
S2120E3219F624EEB714B710F624ED7C25021B35
S2120E3227820A3B1BF1EA1800880000E6F01C37
S2110E3235C100182700654A950238B7456E91
S2120E3242F016CD000C6D82ECF016C300126C6A
S2110E325080198AB7644AB792392014ECF044
S2120E325D16C300246CF016198A6D80ECF0165F
S2110E326B4AA13E3918028886ED86026D884F
S2120E3278E6F01C87B74603AD862ED8F624EC7D
S2120E328687B746CC000613B746CE216BB7644C
S20F0E32946E84E3844AA449384AACD18D
S2090E329F381BF0180AB2
S10C5F7E180B0A252A165CAD3D3E
S2110E32A4180B01003C20FE0A4A8DD5384A54
S2080E32B18E5B380ADB
S1115F8725732C00252A73252E2A6600252A50
S1115F957325232E2A66002000252A73257307
S1065FA3002C00CB
S104E1890091
S105E18A00008F
S104E18C018D
S105E18D00008C
S107E18F3F800000C9
S107E1930000000084
S107E1970000000080
S107E19B000000007C
S107E19F0000000078
S107E1A30000000074
S107E1A70000000070
S107E1AB3D4CCCCD4A
S107E1AF3E6147AED4
S104E1B30067
S1115FA61B9ACD24EF6D84CD0B006D82ED842B
S1105FB46D80CC00024A800B381B863D1B1B
S1115FC19ACD24ED6D84CD0B026D82ED846DBE
S10E5FCF80CC00024A800B381B863D8A
S2110E40001BF17A19F0841800400B10E6F341
S2110E400D0084876C808C00302D51ED808D68
S2120E401A00392E4AEDF084180D4020A5EDF06C
S2120E40288402180D4020A6ECF084C30002B7EA
S2120E403646180D4020A7ECF084C30003B746D4
S2120E4044180D4020A8ECF084C30004B74618F2
S2120E40520D4020A9ECF084C30005B746180DED
S2120E40604020AA7920AB2005180B01101A1B63
S2070E406EF0860ABC
S1115FDA1B9ACD20A56D84CD0B106D82ED8435
S1105FE86D80CC00074A800B381B863D1BE2
S1115FF59A180303D023BF1805882519180530
S11160038A251B1801AE11891801AE118718E9
S111601100AE00001800AE400016736A182698
S111601F00FCF6237CC1002617F6237DC10089
S111602D26101803000123B7180325D323B946
S111603B18200077F6237C87166F4C1800AEF1
S111604900001800AE4120ECF0123BECF01207
S10E60573B16746D1672B5166EBA4A43
S1106062B50839B7456E821800AE0000186D
S111606F00AE42C81800AEFAE01800AE445865
S111607DEC8A166F4C16746D1800AE000018F5
S111608B00AE41201673A316746DECF01016CF
S11060996F4C1673A31800AE1B001800AE68
S11160A645371672BC166ECD307E23B7307EA1
S11160B423B91D003880180423B723BB180439
S11160C223B923BD1C0038801800AE0000185E
S11160D000AE4120EC8E3BEC8E3B16746D1638
S11060DE6EBA7B237CE68D7B237DED8E8DD9
S11160EBFFFE2707180084000120051800841A
S11160F90000F6237E87A484E48584FFC4FEA1
S11161078C00002705E68F7B237EF6237EC8DE
S1116115017B237E182000F8F62390C100269B
S111612317F62391C10026101803000123B7BC
S1116131180325D323B918200077F62390878E
S111613F166F4C1800AE00001800AE4120ECA4
S111614DF0123BECF0123B16746D1672B51690
S110615B6EBA4AB50839B7456E801800AE1B
S111616800001800AE42C81800AEFAE018009D
S1116176AE4458EC88166F4C16746D1800AECB
S111618400001800AE41201673A316746DECD3
S1116192F010166F4C1673A31800AE1B001805
S11161A000AE45371672BC166ECD307E23B7A6
S11161AE307E23B91D003880180423B723BBAC
S11061BC180423B923BD1C0038801800AE60
S11161C900001800AE4120EC8E3BEC8E3B161D
S10E61D7746D166EBA7B2390E68D7B7E
S11161E22391ED8E8DFFFE2707180084000127
S11161F020051800840000F6239287A484E49E
S11061FE8584FFC4FE8C00002705E68F7B1E
S111620B2392F62392C8017B23921B863D3B0F
S1106219E681CA807B00851F008680FBFCA7
S11162260090F30092F30094F3009649491B94
S1116234823D3B1BF1CDEDF0338D00001827A9
S1116242007718030000250879255A1801AECC
S111625011D11801AE11CF1800AE00001800D5
S111625EAE000016736A182602E6792558CDA4
S111626C00646D86CD00506D841801AE1DE9EE
S110627A1801AE1DE71801AE1C811801AE1D
S11062871C7F1800AE00001800AE40001689
S111629473A31672B5306E82306E82165FF4FC
S11062A2180B01250F1801AE10691801AE8C
S11062AF1067166EBA7C251418200293F6B1
S11162BC239DC10027431D003880180423BB16
S11162CA23B7180423BD23B91C003880180123
S11162D8AE23B91801AE23B71800AE000018AB
S11162E600AE0000166FEF260C180B01255AAF
S10B62F4CC6C264AAE06387991
S11162FC250FCC00001820024CF6250FC1001F
S110630A271BFD23BF8D0000260C180B017E
S10B6317255ACC6C164AAE06AF
S10F631F38CC00001820022AFC250816C7
S110632B6F4C1801AE11AD1801AE11AB1688
S1106338736A2C08FD25088D000A2D26CD62
S10D63456C126D80CC20B74AA13E13
S110634F39FC2514166F4C306E82306E82BE
S10F635CCC10674AA0B239CC0001182014
S111636801E7CC0024FD250813B746CE1DE73F
S1116376B7646E88E388B7461AF02718024011
S11163840018024202CC0024FD250813B7467F
S1116392CE1C7FB7646E88E388B7461AF02BE2
S11163A01802400018024202CC0024FD250819
S11163AE13B746CE1B17B7646E88E388B74654
S11163BC180242AE180240AE166EBA6CF025FE
S11163CACC0024FD250813B746CE19AFB764E6
S11163D86E88E388B746180242AE180240AE43
S11163E6166EBA6CF023FD25088D00001826F3
S11163F400AD1F2558012AECF0293BECF029DE
S11164023BECF0313BECF0313B1800AE0000F7
S11164101800AE40001673A31672B53A6CF075
S111641E313A6CF0312028ECF0293BECF029E7
S111642C3BECF0313BECF0313B1800AE0000CD
S111643A1800AE40001673A31672BC3A6CF044
S1106448313A6CF0311801AE11D11801AEDB
S110645511CF1800AE00001800AE000016B4
S1116462736A18260092CD6C0F6D80CC20B7A3
S11064704AA13E39ECF0293BECF0293BEC4D
S111647DF0313BECF0313B1800AE000018008B
S111648BAE40001673A31672BC3A6CF0313AA0
S11164996CF031792558182000571F25580142
S11164A72AECF0293BECF0293BECF0313BEC05
S11164B5F0313B1800AE00001800AE40001697
S11164C373A31672B53A6CF0313A6CF03120C6
S11164D128ECF0293BECF0293BECF0313BECDD
S11164DFF0313B1800AE00001800AE4000166D
S11164ED73A31672BC3A6CF0313A6CF031ECC9
S11164FBF023166F4C306E82306E82CC106728
S11065094AA0B239CD00646D86EDF0256D19
S1106516841AF02F18020080180202821669
S10F65235FF4180B01250FFD2508027D14
S10E652F2508722558FD25086D84CD59
S110653A6BF96D82198A6D804AAA94391993
S11065478AB7644AAE0638CC00001BF0355C
S10465543D05
S2110E40713B1BF1CFEDF0318D0000270D79D1
S2110E407E255A18030000250818200249F6E2
S2120E408B239DC10027431D003880180423BB5A
S2120E409923B7180423BD23B91C003880180167
S2120E40A7AE23B91801AE23B71800AE000018EF
S2120E40B500AE0000166FEF260C180B01255AF3
S20C0E40C3CC6C264AAE063879D5
S2120E40CB250FCC000018200202F6250FC100AD
S2110E40D9271BFD23BF8D0000260C180B01C3
S20C0E40E6255ACC6C164AAE06F4
S2110E40EE38CC0000182001E01801AE11AD10
S2110E40FB1801AE11AB1800AE00001800AE96
S2120E4108000016736A182700861801AE11AD59
S2120E41161801AE11AB166EBAB746CC002413C7
S2120E4124B746CE1C5BB7646E88E388B7461AA5
S2120E41328E18024000180242021801AE11ADA1
S2120E41401801AE11AB166EBAB746CC0024139D
S2120E414EB746CE1AF3B7646E88E388B74618E7
S2120E415C0242AE180240AE166EBAB7466DF0B0
S2120E416A2F1801AE11AD1801AE11AB166EBABF
S2120E4178B746CC002413B746CE1DC3B7646EF2
S2120E418688E388B7461802408A1802428C1844
S2120E41942000821801AE11D11801AE11CF1602
S2120E41A26EBAB746CC002413B746CE16BBB781
S2120E41B0646E88E388B7461A8E180240001812
S2120E41BE0242021801AE11D11801AE11CF1634
S2120E41CC6EBAB746CC002413B746CE1553B7C0
S2120E41DA646E88E388B746180242AE1802409E
S2120E41E8AE166EBAB7466DF02F1801AE11D198
S2120E41F61801AE11CF166EBAB746CC002413C3
S2120E4204B746CE1823B7646E88E388B7461802
S2120E421202408A1802428CFC2508166F4C18C5
S2120E422001AE11F51801AE11F316736A2C08D6
S2110E422EFD25088D000A2D07CC0001182076
S2120E423B00991F25580128EC8C3BEC8C3BECB2
S2120E4249F0143BECF0143B1800AE000018000C
S2120E4257AE40001673A31672B53A6CF0143A0B
S2120E42656CF0142026EC8C3BEC8C3BECF0142C
S2110E42733BECF0143B1800AE00001800AE39
S2120E428040001673A31672BC3A6CF0143A6C1D
S2120E428EF014CD00646D86EDF02F6D841AF0E0
S2120E429C121802008018020282165FF4180B2B
S20F0E42AA01250FFD2508027D25087279
S2120E42B52558FD25086D84CD6BE86D8219F038
S2110E42C3166D804AAA943919F016B7644A93
S20E0E42D0AE0638CC00001BF0330AD1
S11165553B1BF1CDEDF0338D00001827005CE8
S110656318030000250879255A792558CD24
S111657000646D86CD00506D841801AE18498C
S110657E1801AE18471801AE16E11801AE61
S110658B16DF1800AE00001800AE40001628
S111659873A31672B5306E82306E82165FF4F5
S11065A6180B01250F1801AE10691801AE85
S11065B31067166EBA7C251418200238F605
S11165C0239DC10027431D003880180423BB0F
S11165CE23B7180423BD23B91C00388018011C
S11165DCAE23B91801AE23B71800AE000018A4
S11165EA00AE0000166FEF260C180B01255AA8
S10B65F8CC6C264AAE0638798A
S1116600250FCC0000182001F1F6250FC10073
S110660E271BFD23BF8D0000260C180B0177
S10B661B255ACC6C164AAE06A8
S10F662338CC0000182001CFFC2508161C
S110662F6F4C1801AE11D11801AE11CF1639
S111663C736A2C08FD25088D000A2D3F1801F5
S111664AAE11AD1801AE11AB1800AE00001871
S111665800AE000016736A261FCD6C126D8012
S10B6666CC20B74AA13E39FC27
S111666E2514166F4C306E82306E82CC10678D
S10F667C4AA0B239CC000118200173CCF4
S11166880024FD250813B746CE1847B7646EEC
S111669688E388B7461AF0271802400018025D
S11166A44202CC0024FD250813B746CE16DFB3
S11166B2B7646E88E388B7461AF02B180240CE
S11166C00018024202CC0024FD250813B74640
S11166CECE1577B7646E88E388B7461802428B
S11166DCAE180240AE166EBA6CF025CC002447
S11166EAFD250813B746CE140FB7646E88E37F
S11166F888B746180242AE180240AE166EBABB
S11167066CF023FD25088D0000263BCD6C0FA2
S11067146D80CC20B74AA13E39ECF0293B42
S1116721ECF0293BECF0313BECF0313B18007E
S111672FAE00001800AE40001673A31672BC34
S110673D3A6CF0313A6CF03179255818208F
S111674A00571F2558012AECF0293BECF029DA
S11167583BECF0313BECF0313B1800AE00009E
S11167661800AE40001673A31672B53A6CF01C
S1116774313A6CF0312028ECF0293BECF0298E
S11167823BECF0313BECF0313B1800AE000074
S11167901800AE40001673A31672BC3A6CF0EB
S111679E313A6CF031ECF023166F4C306E8201
S11067AC306E82CC10674AA0B239CD006473
S11167B96D86EDF0256D841AF02F1802008015
S11067C718020282165FF4180B01250FFD65
S10D67D42508027D2508722558FDF2
S11167DE25086D84CD6BD36D82198A6D804AB7
S10D67ECAA9439198AB7644AAE066C
S10B67F638CC00001BF0353D16
S10967FE92C6934F939E26
S109680493DD941A94C117
S109680A952D956B95BB72
S109681095F996709691C3
S109681696BD9722975A7B
S105681C978E51
S2110E42DA1BF1D94A98013AF6101EC10027B6
S2120E42E70EF6101CC110260779101E4AB0C324
S2110E42F538FC23E98400C4018C0000270E5F
S2120E4302F624FFC1002607180B0124FF201616
S2120E4310F624FFC1FF260FFC23E98400C4012D
S2120E431E8C000026037924FFFC23E98400C4DD
S2120E432C028C0000270EF624FEC1002607188F
S2120E433A0B0124FE2016F624FEC1FF260FFCF5
S2120E434823E98400C4028C000026037924FEAE
S2110E4356FC23E98400C4048C0000270EF63C
S2120E436324FDC1002607180B0124FD2016F6B9
S2120E437124FDC1FF260FFC23E98400C4048C35
S2120E437F000026037924FD1801AE13ED18017A
S2120E438DAE13EB1800AE00001800AE40001681
S2120E439B736A2607180B2523862005180B19A5
S2120E43A923861800AE00001800AE40A01801C5
S2120E43B7AE12A91801AE12A71800AE0000181E
S2110E43C500AE42001672B516746D1800AEEE
S2120E43D200001800AE41101673A3166EBA7BCE
S2120E43E0237F1801AE12851801AE1283180048
S2120E43EEAE00001800AE3F8016736A260379E6
S2120E43FC237F1800AE00001800AE40A0180179
S2120E440AAE12611801AE125F1800AE0000185A
S2110E441800AE42001672B516746D1800AE9A
S2120E442500001800AE41101673A3166EBA7B7A
S2120E443323801801AE123D1801AE123B180083
S2120E4441AE00001800AE3F8016736A26037992
S20F0E444F23807923817923811801AEAB
S20F0E445A13811801AE137F166EBA7B9E
S2110E446523831801AE13A51801AE13A3167F
S2120E44726EBAB746CE0064B76487B746B75428
S2120E448013C300017B23841801AE13C9180166
S2120E448EAE13C71800AE00001800AE42C816D9
S20F0E449C73A3166EBA7B23851801AEC4
S20F0E44A713151801AE1313166EBA7B29
S2110E44B223871801AE13391801AE13371606
S2120E44BF6EBAB746CE0064B76487B746B754DB
S2120E44CD13C300017B23881801AE135D180181
S2120E44DBAE135B1800AE00001800AE42C816F8
S20F0E44E973A3166EBA7B2389180B0A0D
S2110E44F4238B180B01238C180B14238DF64A
S2120E45012398B714B710F62397BC23E9272885
S2120E450FF62398B714B710F623977C23E9FC14
S2110E451D1016166F6A1800AEC2AB1800AE70
S2120E452A43A216736A2C061803000010161F06
S2120E453823AC0102200418200117F623E4C55A
S2120E4546401826010E1803006123E2FD23E244
S2110E45548D000026F81C2375014AB7C138ED
S2110E45616CF0251803006123E2FD23E28DA9
S2120E456E000026F81D23AC017924ECF624EC92
S2120E457C87B746CC000613B746CE216BB76443
S2120E458A6E88E388B746CC00006B40F624EC35
S2120E459887B746CC000613B746CE216CB76426
S2120E45A66E88E388B746CC00006B40F624EC19
S2120E45B487B746CC000613B746CE216DB76409
S2120E45C26E88E388B746CC00006B40F624ECFD
S2120E45D087B746CC000613B746CE216EB764EC
S2120E45DE6E88E388B746CC00006B40F624ECE1
S2120E45EC87B746CC000613B746CE216FB764CF
S2120E45FA6E88E388B746CC00016B40F624ECC4
S2120E460887B746CC000613B746CE2170B764B1
S2120E46166E88E388B746CC00006B401C23E48B
S2120E462440F624EC87B746CC000613B746CEFB
S2110E4632216BB7646E88E3884AA449384AA7
S20A0E463FAC45384AACD172
S2100E464538FC23E984FFC4F87C23E979D6
S20D0E465124FF7924FE7924FDFDF8
S2110E465A10168D0000182602B1180301453B
S2120E466710161F23E440022004182002A01A8C
S2120E4675F0211800000000CC0024EDF02113FA
S2120E4683B746CE16DFB7646E88E3884A9EFFF3
S2110E469138CC0024EDF02113B746CE1C7F6A
S2110E469EB7646E88E3884A9EFF38EDF02163
S2120E46AB026DF0218D000A2DC8F624FFC10008
S2100E46B927094A9E2E38180BFF24FFF629
S2110E46C524FEC10027094A9DC138180BFFC0
S2110E46D224FEF624FDC100270F1803028BF0
S20D0E46DF10164AA04638180BFF0F
S2110E46E824FD1800AE00001800AE4110F6BE
S2120E46F523A687166F4C16746D1800AE0000C6
S2120E47031800AE40A01673A31800AE000018E5
S2120E471100AE42001672BC316D86316D86CD3E
S2110E471F6BCD6D8219F01D6D804AAA94397F
S2110E472C19F01DB7644AA21E39166F4C1800
S2120E473901AE21491801AE214716736A1827E5
S2120E4747007EF624EC87B746CC0006136CF008
S2120E475510CD216B6D88E388B746E640C10096
S2120E476318260060ECF010CD216C6D88E388F1
S2120E4771B746E640C100264EECF010CD216D88
S2120E477F6D88E388B746E640C100263CECF097
S2120E478D10CD216E6D88E388B746E640C10457
S2110E479B262A19F01D6D80CC21594AB668ED
S2110E47A8398C00002719FD250A8D0000260D
S2120E47B511180B01255219F01D6D80CC2147F0
S2100E47C34AA13E391800AE00001800AEE9
S2120E47CF4110F623A887166F4C16746D180050
S2120E47DDAE00001800AE40A01673A31800AE75
S2120E47EB00001800AE42001672BC316D86310C
S2110E47F96D86CD6BCD6D8219F01D6D804A5C
S20F0E4806AA943919F01DB7644AA21ED2
S2100E481139166F4C1801AE21251801AEAA
S2120E481D212316736A1827007AF624EC87B746
S2120E482B46CC0006136C8ECD216B6D88E3888E
S2110E4839B746E640C1001826005DEC8ECD99
S2120E4846216C6D88E388B746E640C100264C0E
S2120E4854EC8ECD216D6D88E388B746E640C12A
S2120E486200263BEC8ECD216E6D88E388B746A1
S2120E4870E640C104262A19F01D6D80CC2135B7
S2110E487E4AB668398C00002719FD250A8DF4
S2120E488B00002611180B01255219F01D6D8027
S2110E4899CC21234AA13E391800AE000018AF
S2120E48A600AE4110F623AA87166F4C16746DE0
S2120E48B41800AE00001800AE40A01673A31833
S2120E48C200AE00001800AE42001672BC316D3D
S2120E48D086316D86CD6BCD6D8219F01D6D8016
S2100E48DE4AAA9439F62552C100272BF684
S2120E48EA24EC87B746CC000613B746CE216BDD
S2110E48F8B7646E88E3884AA44938F6252D6D
S20F0E4905C10026044AAC45384AACD16F
S2100E4910387925521801AE13ED1801AED2
S2110E491C13EB1800AE00001800AE4000169B
S2120E4929736A260E180340E324F818038E3920
S2120E493724FA200C180340D224F818037D280C
S2110E494524FAFD23CEBD255F24221800AEF9
S2120E4952FFFF1800AE0000FD255F351800AE04
S2110E496000001670231B82317D23CE180337
S20F0E496D0000255FFC23CEB3255F166E
S2110E49786F6A1800AE24001800AE447416C8
S2110E498573A3317D21A7317D21A91801AE47
S2120E499221A91801AE21A71801AE21AD1801FD
S2120E49A0AE21AB16736A182D00E9180423CE4E
S2110E49AE255F18018221A718018421A9FC9F
S20E0E49BB23CCFD218D6D804A9F2D42
S2110E49C5393A6CF0213A6CF0211AF01F18EA
S2110E49D2050025531805022555180423CCA4
S2110E49DF218D180180255318018225554A9A
S2110E49ECAA58393A6CF01D3A6CF01DECF02E
S2120E49F91D3BECF01D3B1800AECCCD1800AEEC
S2120E4A073DCC16736A2C27F6255CC1002320C4
S2110E4A151801AE219D1801AE219B1800AEB3
S2110E4A2200001800AE3F8016736A2C077950
S2120E4A2F255C1820005E1801802553180182A3
S20C0E4A3D2555CC218F4A9F6D12
S2110E4A45393A6CF0193A6CF019ECF0193B8A
S2110E4A52ECF0193B166EBAB7467D218AF6BB
S2120E4A5F255C87F3218A8C00642F07180B64E3
S2120E4A6D255C2022F6255C87F3218A8C00003D
S2120E4A7B2E0579255C2011FC218A87B746F69B
S2120E4A89255C876D88E3887B255CFC23E9841C
S2120E4A9700C4108C0000260EFC23E98400C41A
S2120E4AA5088C0000182703E91801AE10B11891
S2120E4AB301AE10AF1801AE21B11801AE21AF44
S2120E4AC116746D307E219B307E219D1801AE40
S2120E4ACF10B11801AE10AF1800AE00001800A1
S2120E4ADDAE3F8016736A2D251801AE219D1869
S2120E4AEB01AE219B1800AE00001800AE3F80F4
S2110E4AF916736A2C0C18033F80219B1803C1
S2120E4B060000219DFC23E98400C4088C0000EC
S2120E4B142731FC23E98400C4108C00002725F0
S2110E4B221800AE00001800AE42C81801AE16
S2100E4B2F21B11801AE21AF16746D307E59
S2110E4B3B219B307E219D180303D023C9CC8C
S2120E4B480006166218B7457E2561FC2561161E
S2120E4B566F4C1800AE1EB81800AE41211801A6
S2100E4B64AE10D51801AE10D316746D16E8
S2120E4B70736A182F0068FD25618D03F0182C51
S2120E4B7E005E18030000219B18030000219D08
S2120E4B8C1803000024F5180B0123CBFC23E9BA
S2120E4B9A8400C4088C00002724180B01218905
S2110E4BA81800AE00001800AE43B01801AEA7
S20F0E4BB524FA1801AE24F816746D16D4
S2120E4BC06EBA7C23CC2017FC23E98400C410AA
S2120E4BCE8C0000270B180B022189180300001E
S2110E4BDC23CCF623CBC1002727FC23CC16D6
S2120E4BE96F4C1800AE00001800AE40C018014B
S2100E4BF7AE24FA1801AE24F816746D16E3
S2120E4C03736A2E05180B022189F623CBC1000C
S2120E4C112741FC23CC166F4C1800AE00001880
S2120E4C1F00AE43B01801AE24FA1801AE24F80B
S2120E4C2D16746D1800AE00001800AE40C018CB
S2110E4C3B01AE24FA1801AE24F816746D169C
S2110E4C4872B516736A2D05180B012189FC36
S2120E4C5523E98400C4088C0000182700D9F648
S2120E4C632189C101182700D0F62557C1021868
S2120E4C712700C7FD23D08D0000271B1801AEAE
S2120E4C7F10F91801AE10F71800AECCCD1800C6
S2120E4C8DAE3DCC16736A182C00A47921891839
S2110E4C9B0B012557FD23C98D00002625FDB3
S2120E4CA823D08D0000261D1800AE2400180026
S2120E4CB6AE44741801AE10F91801AE10F716C3
S20F0E4CC4746D166EBA7C23C91801AE84
S2120E4CCF11411801AE113F1800AE000018007D
S2120E4CDDAE400016736A26271801AE13ED18A9
S2120E4CEB01AE13EB1800AE00001800AE40002F
S2120E4CF916736A2607180B0121B3202C180B13
S2110E4D070221B320251801AE13ED1801AEE3
S2110E4D1413EB1800AE00001800AE4000169F
S2120E4D21736A2607180B0221B32005180B0125
S2110E4D2F21B31803000124F518200154FCD2
S2120E4D3C23E98400C4108C0000182700D9F658
S2120E4D4A2189C102182700D0F62557C1011880
S2120E4D582700C7FD23D08D0000271B1801AEC6
S2120E4D6610F91801AE10F71800AECCCD1800DE
S2120E4D74AE3DCC16736A182C00A47921891851
S2110E4D820B022557FD23C98D00002625FDCA
S2120E4D8F23D08D0000261D1800AE240018003E
S2120E4D9DAE44741801AE10F91801AE10F716DB
S20F0E4DAB746D166EBA7C23C91801AE9C
S2120E4DB611411801AE113F1800AE0000180095
S2120E4DC4AE400016736A26271801AE13ED18C1
S2120E4DD201AE13EB1800AE00001800AE400047
S2120E4DE016736A2607180B0221B3202C180B2A
S2110E4DEE0121B320251801AE13ED1801AEFD
S2110E4DFB13EB1800AE00001800AE400016B8
S2120E4E08736A2607180B0121B32005180B023D
S2120E4E1621B31803FFFF24F51820006D1803B5
S2120E4E24000024F518030000219B1803000062
S2120E4E32219DFC23E98400C4108C0000260C83
S2110E4E40FC23E98400C4088C00002740FC0B
S2120E4E4D23E98400C4108C0000270EFC23E917
S2120E4E5B8400C4088C000027022029FC23E9E0
S2120E4E698400C4108C00002707180B02255775
S2120E4E772016FC23E98400C4088C0000270ACF
S2110E4E85180B0125572003792557180B0131
S2120E4E92251620151803000024F51803000040
S2100E4EA0219B18030000219D792557F673
S2120E4EAC21B3876CF0218C0001270AEDF02151
S2120E4EBA8D0002271C2032F62189C101270B1F
S2120E4EC8180C255C00BE7900BC20207900BCBC
S2110E4ED67900BE2018F62189C102270B793F
S2120E4EE300BE180C255C00BC20067900BC79BB
S2120E4EF100BEF62516C10018270081FD2510FE
S2120E4EFF8D000018260077792516180300F48D
S20F0E4F0D2510FC23CC166F4C1801AECE
S20F0E4F1824FA1801AE24F81673A31638
S2100E4F236EBA7C2517FC2517C300B87C60
S2120E4F2F2517CE0168FC251718157C2517FDD4
S20F0E4F3D2512BD25172739180425176E
S2120E4F482512F623CBC1002715FD25176D8406
S2110E4F56CD6BC46D8219F0126D804AAA94C0
S2110E4F6339200ECD6BBB6D8219F0126D80DD
S2100E4F704AAA943919F012B7644AAE062D
S20E0E4F7C38CD6BB76D80CC20ED4AE1
S2110E4F86B668398C0000262AF6250E878C9C
S2120E4F9300642C47F6250E87166F4C1800AEDF
S2120E4FA100001800AE3E801672BC166EBA7B6E
S2120E4FAF250E180B64250D2026F6250E878C73
S2120E4FBD0000271DF6250E87166F4C1800AE48
S2120E4FCB00001800AE3E801672B5166EBA7B4B
S2120E4FD9250E79250D180C250E00BD1801AEFE
S2120E4FE720B91801AE20B71800AE0000180054
S2120E4FF5AE400016736A26121801AE1069182A
S2110E500301AE1067166EBA7B237620037979
S2120E50102376FD23D28D000027061C024004D8
S2110E501E20041D024004F624EC87B746CC95
S2120E502B0006136C8CCD216B6D88E388B7469D
S2120E5039E640C100182600B3EC8CCD216C6D3F
S2120E504788E388B746E640C100182600A0ECA7
S2120E50558CCD216D6D88E388B746E640C1040B
S2120E50631826008DEC8CCD216E6D88E388B776
S2120E507146E640C1011826007AFC250484008F
S2120E507FC4FFB746F6239E87B7456D88AE88EB
S2120E508D2614FC2504B70187B746F6239F8728
S2120E509BB7456D88AE882751F624FCC1002658
S2120E50A941F625057B239EFC2504B701877B6A
S2120E50B7239F180B01101B18030421251E182C
S20F0E50C50B022520F625057B2522FC9D
S2100E50D02504B701877B2523CC251E4A3D
S2100E50DC91AB3887C1002607CC88014A2D
S2110E50E88E4B38180B0124FC182000D5F650
S2120E50F524EC87B746CC0006136C8ACD216BD2
S2120E51036D88E388B746E640C100182600B554
S2120E5111EC8ACD216C6D88E388B746E640C169
S2120E511F00182600A2EC8ACD216D6D88E3885E
S2110E512DB746E640C1041826008FEC8ACD6A
S2120E513A216E6D88E388B746E640C102182641
S2120E5148007CFC25028400C4FFB746F6239EAC
S2120E515687B7456D88AE882614FC2502B70175
S2120E516487B746F6239F87B7456D88AE882719
S2120E517253F624FCC1002645FC25028400C41C
S2120E5180FF7B239EFC2502B701877B239F181C
S2110E518E0B02101B18030421251E180B0221
S20D0E519B2520F625037B2522FCD7
S2100E51A42502B701877B2523CC251E4A6A
S2100E51B091AB3887C1002607CC88014A58
S20F0E51BC8E4B38180B0124FC200379E4
S2120E51C724FCF6101BC102261F1801AE104562
S2110E51D51801AE10431801AE10451801AEBD
S20D0E51E2104316746D166EBA7BAE
S2120E51EB250C201D1801AE10211801AE101F47
S2120E51F91801AE10211801AE101F16746D169A
S2110E52076EBA7B250CF623E4C540261BFC74
S2120E521423E98400C4048C0000270FFC23E957
S2110E52228400C4018C00002703165C994A18
S20A0E522F98D4394A9BFCE0
S2100E5235391F23AC021C1F00001013F6DD
S2120E5241101CC110260CF624F7C10026051808
S2120E524F0B01101C1D23AC02180B01251DF6BC
S2120E525D101C876CF01F8C00631827052DEDB5
S2110E526BF01F8D00641827055DEDF01F8DF9
S2120E527800651827058BEDF01F8D00661827B3
S2120E528605A1EDF01F8D00662E28EDF01F8D93
S2120E52940001182D0627EDF01F8D0010182EA7
S2120E52A2061DCD67FEEEF01F09B754596D8837
S2120E52B0E388B746ED400540EDF01F8D006E0C
S2110E52BE182705C7182005FB79255A18037A
S2120E52CB000023C11803000023C379251DCC56
S20B0E52D96BAA4AAE0638CDA3
S20E0E52E06C0F6D80CC20DB4AA13E59
S2110E52EA3918030361251E180B0125201828
S20E0E52F70B022522CC251E4A91ABB1
S2100E53013887C1002607CC88014A8E4B68
S2100E530D38F6239DC1002613180300007E
S2110E5319101018030000101272101C182041
S2110E5326059E1801AE10121801AE101016DE
S2110E53336F7D1800AE96801800AE459816D9
S2110E5340736A182F0580180B63101C1820BA
S2110E534D05771801AE10121801AE101016DE
S2110E535A6F7D1800AE96801800AE459816B2
S2120E5367736A2F05180B64101C1801AE23C3B4
S2110E53751801AE23C11800AE40001800AEA1
S2110E5382459C16736A182F053B1803000095
S2110E538F101018030000101272101C1820CB
S2110E539C05281801AE10121801AE101016DE
S2110E53A96F7D1800AE24001800AE44F416FA
S2120E53B6736A182F050AF6238FC100260718F5
S2110E53C40B05101C200372101C18030000B1
S2120E53D11010180300001012182004E9180120
S2120E53DFAE10121801AE1010166F7D1800AE2E
S2120E53ED96801800AE469816736A2F05180B9B
S2110E53FB6E101CF6238FC100182604BF721C
S2120E5408101C180300001010180300001012DF
S2120E5416182004ACF6239DC100182604A31819
S2110E54240303D023BF1801AE251B1801AEE2
S2110E543125191801AE111D1801AE111B161F
S20E0E543E736A2710CC6B934AAE0675
S2110E544838180B0C101C182004741801AE3A
S2120E545511D11801AE11CF1800AE00001800CF
S2120E5463AE000016736A2709180B06101C18EA
S2120E54712004521801AE11AD1801AE11AB1884
S2120E547F00AE00001800AE000016736A270975
S2120E548D180B08101C182004301801AE11F56E
S2110E549B1801AE11F31800AE00001800AE9A
S2120E54A8000016736A2709180B0A101C18202F
S2120E54B6040E180B63101C18200405F6239D1A
S2120E54C4C10026411801AE11D11801AE11CF4F
S2120E54D21800AE00001800AE000016736A2713
S2120E54E017CC000116655518030000101018A4
S2120E54EE030000101272101C2011180300008E
S2120E54FC1010180300001012180B08101C18C3
S2120E550A01AE23BD1801AE23BB1800AE000086
S2120E55181800AE0000166FEF182603A2180B32
S2120E552663101C18200399F6255AC10027059F
S2110E5534180B63101C1801AE23C31801AE31
S2110E554123C11800AE40001800AE459C16A3
S2110E554E736A2C05180B64101CCC0000169A
S2120E555B65558C00001827036272101C18206F
S2120E5569035BF6239DC100182603521801AEF2
S2120E557711AD1801AE11AB1800AE00001800F4
S2120E5585AE000016736A2719CC0001166236A9
S2110E5593180300001010180300001012720E
S2120E55A0101C1820032018030000101018030D
S2120E55AE00001012180B0A101C1820030BF625
S2120E55BC255AC1002705180B63101C1801AEE9
S2120E55CA23C31801AE23C11800AE4000180011
S2120E55D8AE459C16736A2C05180B64101CCC80
S2110E55E600001662368C0000182702D472E4
S2120E55F3101C182002CD1801AE12191801AEAB
S2110E560112171800AE00001800AE000016BE
S2120E560E736A272F1801AE10691801AE1067CA
S2120E561C166EBAB7467D2514180080429618F4
S2100E562A00820000CC10674AA0B239CDFA
S20E0E56366C0F6D80CC20B74AA13E23
S2110E564039F6239DC1001826027CCC000111
S2100E564D4A807139180300001010180374
S2110E565900001012CD6C126D80CC20B74AEA
S20F0E5666A13E3972101C18200256F6EA
S2120E5671255AC1002705180B63101CCC00002E
S2100E567F4A8071398C00001827023C721D
S2120E568B101C18200235CD6C126D80CC20DB64
S2110E56994AA13E39F6239DC10018260220B8
S2120E56A6F6237CC100270772101C1820021275
S2110E56B4180B0D101C18200209180300001C
S2120E56C11010180300001012F6239DC10026CE
S2120E56CF2ECD00646D86CD00646D84180180AD
S2120E56DD111B180182111D165FF4180313120E
S2120E56EB23D81803000010101803000010122B
S2110E56F9180B0E101C1801AE23BD1801AEC6
S2110E570623BB1800AE00001800AE00001603
S2110E57136FEF182601AD180B63101C182042
S2110E572001A41801AE10121801AE101016DE
S2110E572D6F7D1800AE24001800AE447416F2
S2100E573A736A182F0186CC6B7D4AAE06F3
S2110E57463818030000101018030000101293
S2120E575372101C1820016C1801AE10121801F0
S2120E5761AE1010166F7D1800AEE1C01800AE2A
S2110E576F466416736A2F05180B63101CF6A1
S2120E577C251DC1001827014279251D72101C2E
S2120E578A18200138180B10101C1820012F18AE
S2120E57980300001010180300001012CC6B6AEF
S20F0E57A64AAE06381803131223D8CDA7
S20E0E57B16C126D80CC20DB4AA13E80
S20E0E57BB39CD6C126D80CC20B74A73
S2110E57C5A13E39180B10101C182000F51808
S2120E57D20300001010180300001012CC6B5AC5
S20F0E57E04AAE06381803131223D8CD6D
S20E0E57EB6C126D80CC20DB4AA13E46
S20E0E57F539CD6C126D80CC20B74A39
S20F0E57FFA13E3972101C182000BDF6EB
S2120E580A239DC100182600B4F6237CC100278D
S2120E58180772101C182000A6180B66101C181F
S2110E582620009D180300001010180300004F
S2120E58331012F6239DC10018260088CD0064C4
S2120E58416D86CD00646D84180180111B180153
S2120E584F82111D165FF41803131223D81803C9
S2120E585D00001010180300001012F6237C87B1
S2120E586B166F4C1801AE111D1801AE111B164D
S2120E5879736A270572101C2044180B10101CA4
S2120E5887203D1803000010101803000010122B
S20F0E5895CC6B474AAE06381803131201
S20F0E58A023D8CD6C126D80CC20DB4AA6
S20D0E58ABA13E39CD6C126D80CCC5
S20D0E58B420B74AA13E39180B106C
S2110E58BD101C2005180B10101C1668484A0B
S2110E58CAB7C1386CF0251BF0270A1BF1D86D
S2110E58D7FD2500027D2500FD25046D84CD07
S2110E58E46B426D8219F01C6D804AAA943935
S2120E58F169F02719F01C6D80CC1F4F4AA13EA1
S2110E58FF391F23A0080220041820019EFC6D
S2120E590C25048400C4FFB746F623A187B745D0
S2120E591A6D86AE8618260187FC250484FFC413
S2120E592800B746C7B623A2B7456D86AE8618E4
S2110E5936260170F623E4C540182601677999
S20D0E594323A07923A17923A2FC0E
S2120E594C25048400C4FF7B239EFC250484FFE6
S2110E595AC400B701877B239F1C0000101CA5
S2120E596700002018030421251E180B02252012
S2110E5975F625057B2522FC2504B701877B51
S20C0E59822523CC251E4A91AB2D
S2100E598A3887C1002607CC88014A8E4BD9
S2110E5996381803006123E2FD23E28D0000A9
S2110E59A326F81C2375014AB7C1386CF01AA1
S2120E59B01803006123E2FD23E28D000026F8A8
S2120E59BE1803028B10167924ECF624EC87B72D
S2120E59CC46CC000613B746CE216BB7646E8629
S2120E59DAE386B746CC00006B40F624EC87B78B
S2120E59E846CC000613B746CE216CB7646E860C
S2120E59F6E386B746CC00006B40F624EC87B76F
S2120E5A0446CC000613B746CE216DB7646E86EE
S2120E5A12E386B746CC00056B40F624EC87B74D
S2120E5A2046CC000613B746CE216EB7646E86D1
S2120E5A2EE386B746CC00016B40F624EC87B735
S2120E5A3C46CC000613B746CE216FB7646E86B4
S2120E5A4AE386B746CC00016B40F624EC87B719
S2120E5A5846CC000613B746CE2170B7646E8697
S2120E5A66E386B746CC00006B401C23E440FCE3
S2120E5A7423E984FFC4F8B7467D23E97924FFA4
S2110E5A827924FE7924FDF624EC87B746CC79
S2120E5A8F000613B746CE216BB7646E86E3860E
S20B0E5A9D4AA449384AAC4545
S20A0E5AA4384AACD138FCB6
S2120E5AAA25048400C4FFB746F6239E87B74534
S2120E5AB86D86AE862644FC250484FFC400B719
S2120E5AC646C7B6239FB7456D86AE86262F7949
S2120E5AD4239F79239E1C0000101C0000201835
S2120E5AE20B01101BCD205D6D84CD6B3A6D82D0
S2110E5AF019886D804AAA94391988B7644A41
S2110E5AFDAE0638203CF6239EC1002607F6A6
S2120E5B0A239FC100272EFC25028400C4FFB781
S2120E5B1846F6239E87B7456D86AE862719FC89
S2120E5B26250284FFC400B746C7B6239FB745B8
S2120E5B346D86AE8627041D0000101F23A001EE
S20D0E5B4222FC25004AB525394A5D
S20D0E5B4BB52E39B7457E2504F689
S2100E5B5425057B24EFFC2504B701877B9B
S2120E5B6024F0165FA61F23A00240CE0064FCA3
S2120E5B6E250418107E23E2FD23E28D0000268D
S2110E5B7CF8180302A1251E180B022520F6B0
S2100E5B8925057B2522FC2504B701877B32
S20C0E5B952523CC251E4A91AB18
S2100E5B9D3887C1002607CC88014A8E4BC4
S2110E5BA9381F23A00449FC25048400C4FF09
S2120E5BB6B746F623A187B7456D86AE86263413
S2120E5BC4FC250484FFC400B746C7B623A2B75E
S2120E5BD2456D86AE86261FF623A4B714B710B2
S20E0E5BE0F623A37C2504F625057BAC
S2100E5BEA24EFFC2504B701877B24F01680
S2120E5BF65FA61BF0280A1BF1D8FD2500027DC7
S2120E5C042500FD25026D84CD6B426D8219F0D3
S2110E5C121C6D804AAA943969F02719F01C03
S20E0E5C1F6D80CC1F734AA13E391F9C
S2120E5C2923A0080220041820019EFC250284EB
S2120E5C3700C4FFB746F623A187B7456D86AEAE
S2120E5C458618260187FC250284FFC400B7468B
S2120E5C53C7B623A2B7456D86AE86182601701C
S2110E5C61F623E4C540182601677923A079C6
S2110E5C6E23A17923A2FC25028400C4FF7B2F
S2110E5C7B239EFC250284FFC400B701877B24
S2120E5C88239F1C0000101C0000201803042191
S20F0E5C96251E180B022520F625037BAA
S2100E5CA12522FC2502B701877B2523CCAC
S2100E5CAD251E4A91AB3887C1002607CC96
S2110E5CB988014A8E4B381803006123E2FD69
S2120E5CC623E28D000026F81C2375014AB7C196
S2110E5CD4386CF01A1803006123E2FD23E27F
S2120E5CE18D000026F81803028B10167924ECA0
S2110E5CEFF624EC87B746CC000613B746CE5B
S2120E5CFC216BB7646E86E386B746CC00006B4F
S2120E5D0A40F624EC87B746CC000613B746CEFE
S2120E5D18216CB7646E86E386B746CC00006B31
S2120E5D2640F624EC87B746CC000613B746CEE2
S2120E5D34216DB7646E86E386B746CC00056B0F
S2120E5D4240F624EC87B746CC000613B746CEC6
S2120E5D50216EB7646E86E386B746CC00026BF5
S2120E5D5E40F624EC87B746CC000613B746CEAA
S2120E5D6C216FB7646E86E386B746CC00016BD9
S2120E5D7A40F624EC87B746CC000613B746CE8E
S2120E5D882170B7646E86E386B746CC00006BBD
S2120E5D96401C23E440FC23E984FFC4F8B74605
S20E0E5DA47D23E97924FF7924FE79A9
S2120E5DAE24FDF624EC87B746CC000613B74647
S2110E5DBCCE216BB7646E86E3864AA4493886
S20B0E5DC94AAC45384AACD186
S2110E5DD038FC25028400C4FFB746F6239E5D
S2120E5DDD87B7456D86AE862644FC250284FFEB
S2120E5DEBC400B746C7B6239FB7456D86AE8674
S2110E5DF9262F79239F79239E1C0000101D77
S2120E5E06000020180B02101BCD20816D84CDDF
S2110E5E146B3A6D8219886D804AAA94391972
S2110E5E2188B7644AAE0638203CF6239EC1B4
S2120E5E2E002607F6239FC100272EFC250484AF
S2120E5E3C00C4FFB746F6239E87B7456D86AEAA
S2120E5E4A862719FC250484FFC400B746C7B68B
S2120E5E58239FB7456D86AE8627041D000010EC
S20F0E5E661F23A00125FC25004AB525D1
S20C0E5E71394AB52E39B7457EFD
S20D0E5E7925027923A0F625037B11
S2100E5E8224EDFC2502B701877B24EE16EB
S2120E5E8E5FC01F23A002437923A0CE0064FC43
S2120E5E9C250418107E23E2FD23E28D0000265C
S2110E5EAAF8180302A1251E180B022520F67F
S2100E5EB725037B2522FC2502B701877B05
S20C0E5EC32523CC251E4A91ABE7
S2100E5ECB3887C1002607CC88014A8E4B93
S2110E5ED7381F23A0044CFC25048400C4FFD5
S2120E5EE4B746F623A187B7456D86AE862637DF
S2120E5EF2FC250284FFC400B746C7B623A2B72F
S2120E5F00456D86AE862622F623A4B714B7107D
S20E0E5F0EF623A37C25027923A0F6E5
S2100E5F1825037B24EDFC2502B701877BD9
S20D0E5F2424EE165FC01BF0280ADD
S109681E6ADD687068B831
S109682468C56911695604
S109682A6979699669AF6B
S109683069C069E069F192
S10968366A0A6A1B6A34C1
S109683C6A456A886AA7A0
S10968426AC06ACC6AD8AA
S11068481B9AF624F7876C848C0000182D31
S11168550286ED848D0014182E027DEC84CD95
S1116863681E596D82E382B746ED400540F68B
S1116871238FC100273818030361251E180B5E
S10F687F012520180B022522CC251E4AFE
S10F688B91AB3887C1002607CC88014A75
S10D68978E4B38180300F423E2FDD1
S11168A123E28D000026F87224F71820022E40
S11068AF180B0424F71820022518034C4B85
S11068BC23E07224F718200218FD23E08D5C
S11168C900002605180B1324F7F6238FC100D8
S11068D71826020218030361251E180B0188
S10C68E42520792522CC251E4A49
S10F68ED91AB3887C1002607CC88014A13
S10D68F98E4B38180300F423E2FD6F
S111690323E28D000026F87224F7182001CC40
S111691118030361251E180B012520180B0125
S10B691F2522CC251E4A91AB90
S10F69273887C1002607CC88014A8E4B3B
S110693338180300F423E2FD23E28D000078
S111694026F8180307A123E0CC6B284AAE0604
S10F694E387224F718200187FD23E08D27
S111695A00002605180B1324F7F6238FC10046
S11169681827017118034C4B23E07224F71812
S1116976200164FD23E08D00002605180B139C
S111698424F7F6238FC1001826014E7224F763
S110699218200147CD6C0F6D80CC20DB4A2E
S10D699FA13E39180307A123E0729A
S11169A924F71820012EFD23E08D000018268F
S11169B701247224F71820011DCD6C0F6D8091
S10E69C5CC20B74AA13E3918030F4252
S10B69D023E0CC6B1B4AAE0668
S10F69D8387224F7182000FDFD23E08D28
S11169E40000182600F37224F7182000ECCDF2
S10D69F26C126D80CC20B74AA13E60
S10F69FC391803393823E07224F71820FE
S1106A0800D3FD23E08D0000182600C972A4
S1116A1524F7182000C2CD6C126D80CC20DB5B
S10E6A234AA13E391803131223E0724D
S1116A2E24F7182000A9FD23E08D000018268F
S1106A3C009F7224F71820009818030361CE
S1106A49251E180B012520180B022522CC58
S10F6A56251E4A91AB3887C1002607CCEE
S1106A6288014A8E4B38180300F423E2FD2E
S1116A6F23E28D000026F8180307A123E0CCD3
S10A6A7D6B084AAE063872F3
S1116A8424F72055FD23E08D00002605180B95
S1116A921324F7F6238FC100274118034C4B41
S1116AA023E07224F72036FD23E08D0000264B
S1116AAE05180B1324F7F6238FC1002622725D
S10D6ABC24F7201DCC6AF44AAE064C
S10D6AC6387924F72011CC6AE34A62
S10E6AD0AE06387224F72005180B14E2
S1086ADB24F71B863DB9
S2120E5F2D3B1B96EC8AA38F6C88166F4C306E5C
S2110E5F3B82306E824AAA58393A6C863A6C4D
S2120E5F4886EC863BEC863BECF0173BECF01737
S2120E5F563B1673A31801AE24FA1801AE24F8FB
S2120E5F641673A3CC000C0672A23B1BF1E2ECE9
S2120E5F72F01EC3000CB746180242AE180240D0
S2120E5F80AEECF0293BECF0293B1672B53A6CEF
S2120E5F8EF01C3A6CF01CEDF01E180242AE1817
S2120E5F9C0240AEECF0203BECF0203B16746D8F
S2120E5FAA3A6CF0183A6CF018ECF01EC30014A9
S2120E5FB86C80B746EE80180202AE180200AEDF
S2120E5FC6ECF0203BECF0203BECF026C300186F
S2120E5FD4B745180202AE180200AE16746D1611
S2120E5FE272BC306E40306E42ECF01EC30008ED
S2120E5FF0B746180242AE180240AEECF022C3C0
S2110E5FFE0014B746180242AE180240AE164A
S2120E600B746D3A6CF0143A6CF014ECF01C3B0C
S2120E6019ECF01C3BECF022C30010B74618024B
S2110E602742AE180240AE1672B5ECF022C363
S2110E60340018B746180242AE180240AE160F
S2120E604173A33A6C8C3A6C8CECF01EC30008FF
S2120E604FB746180242AE180240AEECF0103BFA
S2120E605DECF0103B16746D3A6CF0103A6CF0C8
S2120E606B10ECF0183BECF0183BECF0183BEC8B
S2120E6079F0183B1672BCECF0143BECF0143B29
S2110E60871672BC3A6C883A6C88ECF01EC39C
S2120E60940010B746ECF01C3BECF01C3B306EDA
S2120E60A240306E42EC883BEC883BCC0020066D
S2120E60B072A23BED808D00002607CCFFFF1877
S2120E60BE20007AEC873BEC873BEC84C3000890
S2120E60CCB746180242AE180240AE16736A2D84
S2120E60DA1AEC873BEC873BEC84C3000CB746F3
S2120E60E8180242AE180240AE16736A2F05CC92
S2120E60F6FFFF2041ED80180242AE180240AEAB
S2120E6104EC8B3BEC8B3B16736A2605CC00002C
S2120E61122027ED80EC873BEC873B306E40304E
S2110E61206E42EC804A978538EC804A991442
S2100E612D3A8C00002705CCFFFF2003CCA8
S2120E613900001B820A3B1B9AED868D00002787
S2120E614707ED8B8D00002605CCFFFF204BEDDE
S2110E61558B6D80EC86C300124AB668398C3E
S2120E616200002605CC00002034ED8B6D84CD9B
S2120E61706AE06D82EC86C300126C804AAA941A
S2100E617E39CD00006D80EC864A9A1D3864
S2110E618A1B84EC864A99143A8C00002705FB
S2120E6197CCFFFF2003CC00001B880A1B94F6DC
S2110E61A5252DC1001826006B4A9637388748
S2120E61B2B7466D8AF624EC87B746CC00061369
S2120E61C06C86CD21706D80E380B746E6408774
S2120E61CE6C84EC86CE216F6E80E380B746E6BC
S2110E61DC4087B746EE84B7646E80E380837E
S2120E61E90001596C82ED8ACC013713B746CEF4
S2120E61F7468BB7646E80E380B746EC826D80F2
S2110E6205E380B74618024088EC884A96F3F0
S2100E621238180B01252D165CAD1B8C0AEF
S1116AE025730050726F633A5075726765201B
S1116AEE4572726F720050726F633A50757287
S1116AFC676520436F6D706C657465005072A1
S1116B0A6F633A526574726163742050757241
S1116B1867650050726F633A50757267696E5C
S1116B26670050726F633A457874656E6420A0
S1116B3450757267650050726F633A257300E6
S1116B4225303458005761726E3A5055524750
S1116B50452054494D454F5554005761726E0F
S1116B5E3A48454144204552524F5200576177
S1116B6C726E3A54494D454F555420455252CD
S1116B7A4F520050726F633A436F6174696E3C
S1116B886720436F6D706C6574650050726F0A
S1116B96633A48656164204E6F74204578743C
S1116BA4656E6465640050726F633A436F61FE
S1116BB274696E6700204F4E004963616D3AAE
S1116BC02D2D2D004963616D3A2533640025A7
S1116BCE332E30660050726F633A466972735C
S1116BDC745374726F6B6573202564005072DD
S1116BEA6F633A436C65616E6F7574202564A9
S1116BF80050726F633A5365636F6E6453749A
S1116C06726F6B6573202564004F4E004F467D
S1116C14460050726F633A4E6F74204D6F76D7
S1116C22696E670050726F633A4D6F76696E4B
S10E6C306720546F6F204C6F6E6700EC
S107E1B40000000063
S105E1B8000061
S105E1BA00005F
S105E1BC00005D
S111E1BE00000000000000000000000000004F
S111E1CC000000000000000000000000000041
S105E1DA00003F
S104E1DC003E
S105E1DD00003C
S105E1DF00003A
S105E1E16E8149
S105E1E36E7F49
S105E1E56E7D49
S105E1E76E7B49
S105E1E96E7949
S105E1EB6E7749
S105E1ED6E7549
S105E1EF6E7349
S105E1F16E7149
S105E1F36E6F49
S105E1F56E6C4A
S105E1F76E694B
S105E1F96E664C
S105E1FB6E634D
S105E1FD6E604E
S105E1FF6E5D4F
S105E2016E5A4F
S105E2036E5750
S105E2056E5451
S105E2076E5152
S105E2096E4E53
S105E20B6E4B54
S105E20D6E4855
S105E20F6E4556
S105E2116E4257
S105E2136E3F58
S105E2156E3C59
S105E2176E395A
S105E2196E365B
S105E21B6E335C
S105E21D6E305D
S105E21F6E2D5E
S105E2216E2A5F
S105E2236E2760
S105E2256E2461
S105E2276E2162
S105E2296E1E63
S105E22B6E1B64
S105E22D6E1865
S105E22F6E1566
S105E2316E1267
S105E2336E0F68
S105E2356E0C69
S105E2376E096A
S105E2396E066B
S105E23B6E036C
S105E23D6E006D
S105E23F6DFD6F
S105E2416DFA70
S105E2436DF771
S105E2456DF472
S105E2476CB3B2
S1116C3B303132333435363738394142434430
S1116C4945464748494A4B4C4D4E4F50515218
S1116C57535455565758595A61626364656622
S1116C656768696A6B6C6D6E6F707172737420
S10A6C7375767778797A0049
S2110E80003B1B9CED848D00002D20ED848D25
S2120E800D00322E19EC84CD21E1596D82E382ED
S2120E801BB746ED406D80EC89166EA1EC8920FE
S2120E80290BCD0000EE89B7616B00EC891B864E
S2120E80370A1B9C1800820000EC82CD25636D9D
S2120E804580E380B746CC00006B40ED82026DE5
S2110E8053828D003C2DE61B840A3B1B904AD6
S2100E8060B7C138EDF0158DFFFF2620FD91
S2120E806C21B88D0000182F00CCFD21B86D80B7
S20F0E807ACC25634AB6963818030000AB
S2120E808521B8182000B6EDF0158D00002E0462
S2110E8093182000AAEDF0158D003C2D2AFDDC
S2110E80A021B88D00002F12FD21B86D80CC8A
S20E0E80AD25634AB696381803000045
S2110E80B721B8EDF0156D80ECF0104AB6966F
S2100E80C4381820007818008E00001820D7
S2120E80D00066CC003CB321B86C8AECF015A30B
S2120E80DE8E6C88AC8A2C061802888620041833
S2120E80EC028A861802868CED8C6D82EC8EE370
S2120E80FAF010B746FE21B86D80CD2563B75444
S2110E81086D84E3844AB5A439FC21B8E38CDF
S2110E81157C21B8EC8EE38C6C8EFD21B88DAF
S2110E8122003C2D12CD003C6D80CC25634A2E
S2110E812FB696381803000021B8ED8EADF0A0
S2120E813C15182DFF911BF0120A3B1B94EC8CAF
S2110E814A4AB704396C86ED8C8D00002708B0
S2120E8157E6F3000CC10026041820006B18027A
S2120E81658C8AEC86E38CC3FFFF6C882005ED3B
S2120E81738A026D8AE6F3000A876C848C000082
S2110E8181270BEC844ABFC7388C000026E49E
S2120E818E2007EC88C3FFFF6C88ED88AD8A25AF
S2110E819C0EE6F30008874ABFC7388C0000B9
S2120E81A926E5CD0000EE8808B7616B00ED8A65
S2120E81B7AD8C2713EC88A38AC300026C82EDF3
S2110E81C58A6D80EC8C4AB5E8391B8E0A3B9D
S2120E81D21BF1E6EDF01A8D00002708EDF01FEB
S2110E81E08D00002E04182001A3ECF01A4AA4
S2100E81EDB704398C00012707ECF01A4A84
S20D0E81F981453AECF01A4AB7046F
S2110E8202396CF0108C000026041820017D4B
S2120E820F1AF01A1802008E1AF01A19F0181825
S2120E821D0200402007EDF018026DF018E6F392
S2110E822B0018876C868C0000270BEC864A28
S2110E8238BFC7388C000027E21AF01819F0A8
S2120E824516180200402007EDF016026DF01619
S2120E8253E6F30016876C848C0000270BEC8476
S2110E82614ABFC7388C000026E2E6F3001870
S2120E826EC1002725ECF016A3F0188C00012395
S2120E827C1AECF018A3F01AE3F01AB745C60077
S2110E828A6B00ECF01A4A81453A1820008B66
S2120E8297E6F30018C100182700811AF016181C
S2120E82A502008C1AF01418028C002007EDF062
S2110E82B314026DF014E6F30014876C828C36
S2110E82C00000270BEC824ABFC7388C00006A
S2120E82CD27E21AF01419F012180200402007CD
S2120E82DBEDF012026DF012E6F30012876C80C4
S2100E82E98C0000270BEC804ABFC7388CB8
S2120E82F5000026E2E6F30014C1002721ECF08E
S2120E830312A3F0148C00012316ECF014A3F057
S2120E83111AE3F01AB745C6006B00ECF01A4AD7
S20D0E831F81453AECF01A4AB70447
S2110E8328396CF010ACF01F182F005918001D
S2120E833588FFFFEDF01F036D8A201EEC8AE314
S2100E8343F01AB746E640874ABFC7388CD3
S2120E834F0000270618028A88200CED8A036DA1
S2120E835D8AED8A8D00002CDBED888DFFFF2743
S2120E836B14EC88E3F01AB745C6006B00ECF073
S2110E83791A4A81453A200CECF01FE3F01A6C
S2120E8386B745C6006B001BF01C0A3B1B9C186E
S2120E8394028480CD5C95AD80271CCD5F4FAD6C
S2120E83A2802715CD5CADAD80270ECD6E83AD5B
S2110E83B0802707CD5F7EAD80260718008261
S2120E83BD000120051800820000EC821B860AC6
S2120E83CB3B1B9C18088202180A8583CD000202
S2110E83D96D801982B7644A805C3A1B860AD6
S2120E83E61B9D18088203CD00016D801982B70C
S2110E83F4644A805C3A1B830A3B1BF1E4EDE5
S2120E8401F01C8D00002708E6F3001CC10026B6
S2120E840F1518088480CD00016D801984B764A0
S2100E841D4A805C3A18200063ECF01C4A03
S2110E8429B704396CF01A8C000026131808E4
S2120E84368480CD00016D801984B7644A805C88
S2110E84443A2041EDF01A8D00142F081AF0A4
S2120E84511A1800000014E6F3001CCA806B8595
S2120E845FEDF01A8D00012F14EDF01A036D824B
S2110E846DEDF01C026D801986B7644AB5A4AA
S2110E847A39EDF01A6D801985B7644A805CE6
S2110E84873A1BF01E0A3B1BF1C9EDF0378DB7
S2120E849400002710EDF03C8D00002708EDF0DE
S2120E84A23E8D00002E21EDF03C8D00002712C0
S2120E84B0EDF03E8D00002F0ACD0000EEF03CE3
S2120E84BEB7616B00ECF03C182001BFCD00003D
S2120E84CCEEF03CB7616B00CD00146D82EDF045
S2110E84DA376D8019F020B7644AB7923969E5
S2110E84E7F034EDF0406D8019F020B7644AB9
S2110E84F481D13A19F0206DF0351AF03C19C2
S2120E8501F01C180200401AF03E19F01E18026A
S2120E850F0040182001541AF016180000000046
S2120E851D1AF014180000FFFF1AF01A180100CC
S2120E852B22471AF01818000000001820009ABA
S2120E85391AF01A19F012180200402007EDF084
S2120E854712026DF012E6F30012C10026F1ECE1
S2110E8555F012A3F01A6CF0108C0000182F18
S2120E8562006119F034B764A3F035ACF01025A6
S2120E857054EDF010036D8EB764E3F01AB746A6
S2120E857EEC8EE3F035B745E600E140263AED0A
S2120E858CF0108D00012716EDF0106D82EDF04A
S2110E859A1A6D80ECF0354AB547398C00009E
S2120E85A7261CEDF010ADF0162F141AF010195B
S2120E85B5F016180200401AF01819F0141802EC
S2120E85C30040EDF012026DF01AEDF018026D8B
S2120E85D1F018E6F3001AC1001826FF5CEDF057
S2120E85DF148DFFFF18270055EDF01E8D0002BE
S2120E85ED2F4D19F01C1802408CED8C026DF00E
S2120E85FB1CCD0001EE8CB7616B0019F01C183B
S2110E860902408AED8A026DF01CECF014CDD6
S2120E86166C3B6D84E384B746E640B716EE8ADC
S2120E8624B7616B00ECF016E3F0356CF035EC3B
S2120E8632F01E8300026CF01E202D19F01C1890
S2120E8640024088ED88026DF01C19F035180207
S2120E864E4086ED86026DF035E6F30006B71692
S2120E865CEE88B7616B00EDF01E036DF01EE6A5
S2120E866AF30035C100270AEDF01E8D00011834
S2120E86782EFE9ACD0000EEF01CB7616B00ECE5
S2120E8686F03C1BF0390A3B1B9EED828D000069
S2120E86942707ED878D00002607CC0000182065
S2120E86A200B3EC82C30004B746180242AE18B0
S2120E86B00240AEEC8BC30004B746180242AE74
S2120E86BE180240AE16736A18260087EC82C3AA
S2120E86CC0008B746180242AE180240AEEC8BFF
S2120E86DAC30008B746180242AE180240AE168F
S2120E86E8736A18260062EC82C3000CB74618A2
S2120E86F60242AE180240AEEC8BC3000CB74626
S2120E8704180242AE180240AE16736A263FECFE
S2120E871287C30010B746EC82C30010B745E6CC
S2120E872000E140262BEC87C30011B746EC8214
S2120E872EC30011B745E600E1402617EC82C3E5
S2120E873C001EB745EE00ED87AEE81E260718A7
S2120E874A0080000120051800800000EC801B49
S2120E8758840A3B1B96ED8A8D00002707ED8FD8
S2120E87668D00002E07CC0000182000701800A4
S2120E877486000018028A882049ED88026D885D
S2120E8782E6F30008876C828C0000270BEC8254
S2110E87904ABFC7388C000026E4E6F300084A
S2120E879DC1002602202BED86026D862005ED0D
S2120E87AB88026D88E6F30008876C808C00004E
S2110E87B9270BEC804ABFC7388C000027E463
S2120E87C6E6F30008C10026B4ED86AD8F2D0733
S2120E87D4180084000120051800840000EC84B6
S2120E87E21B8C0A3B1B9018008C0000EDF0104E
S2120E87F08D00002718EDF0178D00002710EDF7
S2120E87FEF0198D00002F08EDF0158D00002EE0
S2110E880C21EDF0178D00002712EDF0198DEE
S2120E881900002F0ACD0000EEF017B7616B00C0
S2120E8827CC0000182000DBCD0000EEF017B7D8
S2120E8835616B0018008C00001AF0101802007E
S2120E88438E18008A0000182000AFED8E026D13
S2120E88518EE6F3000E876C868C0000270BEC6E
S2100E885F864ABFC7388C000026E4E6F3FD
S2120E886B000EC10026041820009118028E8AF8
S2120E8879ED8C026D8C2005ED8E026D8EE6F3F4
S2110E8887000E876C848C0000270BEC844AD4
S2110E8894BFC7388C000027E4ED8CADF01544
S2120E88A1264FEC8EA38A6C88ACF0192C1CEDBC
S2110E88AF886D82ED8A6D80ECF0174AB79248
S2110E88BC39EC88E3F017B745C6006B0020B8
S2120E88C923EDF019036D82ED8A6D80ECF0172C
S2110E88D74AB79239CD0000EEF01909B754DD
S2120E88E4E3F017B745B7616B00ECF0172017E0
S2120E88F2E6F3000EC1002602200AE6F3000E84
S2120E8900C1001826FF4CCC00001BF0120A3BDE
S2120E890E1B9C1800800000180284822018EDB4
S2120E891C82AD892604EC802018ED8219E82024
S2120E892A18024082ED80026D80ED828D0000F8
S2120E893826E1CCFFFF1B860A3B1BF19919F0B9
S2120E89465F180040000019F05D18004000009B
S2120E895419F0631800400000EDF0708D000064
S2120E89622708EDF0728D00002E07CC6CB218B2
S2120E8970200310CD0000EEF070B7616B00CC49
S2120E897E0137EDF06C13B746CE4584B7646E27
S2110E898C88E3886C8EEDF06ECC001513C3DC
S2120E89990015B746EE8EB7646E88E3886CF057
S2120E89A759CC0137EDF06C13B746CE468BB7A3
S2120E89B5646E88E388B746ECF06E596D88E364
S2120E89C388B7461AF06118024000EDF0618D7E
S2120E89D10000260418200277EDF0676D80EC8D
S2110E89DFF0614A890D3A6CF05B8CFFFF26A6
S2120E89EC041820025F1AF06119F065180200DA
S2120E89FA402014EDF063026DF063EDF0651A8A
S2110E8A08E82019F06518020040EDF0658DAF
S2120E8A15000026E4ECF061C30020B746ED40EC
S2120E8A238D000027081AF05D1800000001ED09
S2120E8A31F05D8D00001827021619F05F180073
S2120E8A3F400000EDF06E026DF057EDF06E8DFD
S2120E8A4D0000182F0097ECF061C30020B7460D
S2110E8A5BED408D000018270086EDF0578DBB
S2110E8A68000B182C007CECF05759B746CECC
S2110E8A7501376D8CEDF06CB754136C8ACD86
S2120E8A82468B6D88E388B746EC8C6D88E388CD
S2120E8A90B746ED408D00002751EC8ACD468B82
S2120E8A9E6D88E388B746EC8C6D88E388B74685
S2120E8AACEC40C30020B746ED408D000027308C
S2120E8ABACC0137EDF06C13B746CE4584B7648C
S2120E8AC86E88E3886CF02BEDF0636D80ECF09C
S2110E8AD62B4A875A3A8C0000270A1AF02BFE
S2120E8AE319F05F18020040EDF05F8D000026C1
S2120E8AF135CC0137EDF0636D80EDF06C13B7EB
S2110E8AFF46CE4584B7646E88E3884A875AD3
S2110E8B0C3A8C00002715CC0137EDF06C13E7
S2120E8B19B746CE4584B7646E88E3886CF05F70
S2120E8B27EDF05F8D00001827011F69F042CD9D
S2120E8B3500156D8419F0426D82CD00016D8024
S2110E8B43ECF0594A87E53A8C000027091918
S2110E8B50F042B7644A81453A69F02DECF00C
S2120E8B5D5BC300026CF029CD00156D8419F076
S2120E8B6B2D6D82EDF0296D80ECF05F4A87E5E9
S2100E8B793A8C0000270919F02DB7644A4C
S2110E8B8581453AE6F042C1002746E6F02D87
S2120E8B92C100273F19F02D6D8619F0426D8436
S2110E8BA0CD6CAC6D82EDF0706D804AAA941F
S2110E8BAD396CF0278C00002D08EDF027AD7A
S2120E8BBAF0722D041820008ECD00106D80EC8B
S2110E8BC8F0704A81D13AECF070182000AE25
S2120E8BD5E6F042C1001827007269F012ECF0AE
S2120E8BE35BC300026CF010CD00156D8419F009
S2120E8BF1126D82EDF0106D80ECF0594A87E59D
S2100E8BFF3A8C0000274B19F012B7644A9F
S2110E8C0B81453AE6F012C100273B19F01223
S2120E8C186D8619F0426D84CD6CAC6D82EDF05B
S2110E8C26706D804AAA94396CF0278C000001
S2110E8C332D08EDF027ADF0722D022011CDAC
S2110E8C4000106D80ECF0704A81D13AECF019
S2120E8C4D702033EDF072036D82EDF0596D80DF
S2110E8C5BECF0704AB79239CD0000EEF072C4
S2110E8C6809B754E3F070B745B7616B00CD49
S2110E8C7500106D80ECF0704A81D13AECF0E4
S2110E8C82701BF0690A1B9A1801842247CC5D
S2110E8C8F00314A83CB3A2019EC844AB70414
S2100E8C9C39B7456E82EC844A83FC3AEC35
S2120E8CA882E384B746026D84E6F30004C10034
S2110E8CB626DF4A83E63A1B860A1BF1B1CC78
S2100E8CC300324A83CB3A1AF04B18000021
S2120E8CCF0000182001C919F0471800400000DA
S2120E8CDD19F01C1800400000CC0137EDF04BCD
S2120E8CEB13B746CE4580B7646E86E386B74650
S2120E8CF9E640876CF01ACC0137EDF04B13B741
S2120E8D0746CE4581B7646E86E386B746E640D6
S2120E8D15876CF018CC0137EDF04B13B746CE38
S2120E8D234582B7646E86E386B746E640876CDA
S2120E8D31F016CC0137EDF04B13B746CE458349
S2120E8D3FB7646E86E386B746E640876CF0494C
S2120E8D4DCC0137EDF04B136C8CCD468B6D863D
S2120E8D5BE386B746ED408D0000182700F3ECB9
S2110E8D698CCD468B6D86E386B746EC40C378
S2120E8D760020B746ED408D0000182700D81AD4
S2120E8D84F01418000000001AF01A19F012185B
S2120E8D920200401AF01819F010180200401ACF
S2120E8DA0F0161802008E1AF04D180000000095
S2120E8DAE1820009FCC0137EDF04D136C8ACDC9
S2120E8DBC45806D86E386B746E64087ACF0141B
S2120E8DCA1826007CEC8ACD45816D86E386B7B2
S2120E8DD846E64087ACF01218260067EC8ACDF1
S2120E8DE645826D86E386B746E64087ACF010F3
S2120E8DF42654EC8ACD45836D86E386B746E69A
S2120E8E024087AC8E2642EDF0498D00002F3ACA
S2120E8E10EDF0498D000B2E32CC0137EDF04DF5
S2120E8E1E13B746CE4584B7646E86E3866C8820
S2120E8E2CEDF049CC001513B746EE88B7646E0F
S2120E8E3A86E3866CF0471AF01C180000000146
S2110E8E482011EDF04D026DF04DEDF04D8D4C
S2120E8E5500131825FF57EDF0478D000026156A
S2120E8E63CC0137EDF04B13B746CE4584B76400
S2110E8E716E86E3866CF047CD00146D84CD42
S2110E8E7E00296D8219F01E6D80ECF0474A3B
S20F0E8E8B848C3A19F01EB7644A83FC74
S2100E8E963AEDF04B026DF04BEDF04B8DFC
S2110E8EA200131825FE2D4A83E63A1BF04FEE
S2120E8EAF0A1BF15C18008C000018008E0000E6
S2120E8EBDCD6CAA6DF06F1AF071180000000052
S2120E8ECB1AF0A218000000001803000021DAAC
S2120E8ED91AF0A21800000000ECF0A2CD21BC8C
S2120E8EE7596D86E386B746CE00006E40EDF05F
S2120E8EF5A2026DF0A28D000F2DE2CC00334AC5
S2110E8F0383CB3A18008C000018008E00007C
S2120E8F10CC0137ED8C13B746CE468BB7646E8B
S2120E8F1E86E386B746EC8E596D86E386B7461A
S2120E8F2C1AF09E180240001820014EEDF09E20
S2120E8F3A19E81E1AF0A01802400019F0A01832
S2110E8F4802408AED8A8D000018270124CD08
S2120E8F5544B0AD8A1827011BE6F300A0C1003B
S2120E8F63182701111AF0A218000000001AF0CE
S2120E8F717118000000002040ECF0A2CD21BCCE
S2120E8F7F596D86E386B74618024088ED888D3B
S2120E8F8D00002721EC88C3001EB746ED406D8F
S2110E8F9B80ECF0A04AB668398C0000260A5D
S2120E8FA81AF0711800000001200FEDF0A20264
S2120E8FB66DF0A2EDF0A2BD21DA2DB8EDF07131
S2120E8FC48D0000182600ADFD21DA8D000F1868
S2120E8FD22C00A3FC21DACD21BC596D86E38659
S2120E8FE0B746EEF09E6E40FD21DA027D21DAD7
S2110E8FEEECF0A04AB704398C005F2458ED55
S2120E8FFBF0A06D8019F010B764166EA1EDF0A2
S2110E90096F6D8019F010B7644AB88A396C86
S2120E9016F073202ECD00146D84CD00296D82D1
S2110E902419F0756D80ECF0734A848C3A19C5
S2110E9031F075B7644A83FC3AEDF06F6D8063
S2110E903ECC00004AB88A396CF073EDF07362
S2110E904B8D000026CA201FCD00146D84CDAA
S2110E905800296D8219F0756D80ECF0A04AAF
S20F0E9065848C3A19F075B7644A83FC41
S20B0E90703ACC6CB24A83FCF9
S2110E90773AEDF09E1AE82019F09E18020041
S2120E908440EDF09E8D00001826FEA8ED8E0222
S2120E90926D8E8D000B182DFE75ED8C026D8CFE
S2110E90A08D0013182DFE644A83E63A1BF071
S2110E90ADA40A1BF19CCC00344A83CB3A1A61
S2120E90BAF0581800000000182001801AF0561C
S2120E90C81800000000CC0137EDF05813B74626
S2120E90D6CE46A1B7646E86E386B746ECF0561D
S2120E90E4596D86E386B7461AF05C18024000F9
S2120E90F2EDF05C8D000018270134ECF05C4AA1
S2110E910083903A8C0000182601261AF05AAD
S2120E910D18000000001AF05E18000000001891
S2120E911B200070EDF05EADF05826091AF056E4
S2120E91291802008A200518008A000B18028A0B
S2120E91378C1AF0621800000000203ECC0137A5
S2120E9145EDF05E13B746CE46A1B7646E86E317
S2120E915386B746ECF062596D86E386B7461A6E
S2120E9161F06018024000EDF060ADF05C260ADD
S2120E916F1AF05A1800000001201FEDF06202E2
S2120E917D6DF062EDF062AD8C2DBBEDF05E0275
S2120E918B6DF05EEDF05EADF0581823FF86ED2B
S2110E9199F05A8D00001826008ECC0137CD42
S2120E91A600146D82EDF05813B746CE4584B712
S2120E91B4646E86E3866C88EDF056CC001513BE
S2120E91C2C30015B746EE88B7646E86E3866C5D
S2110E91D08019F018B7644AB7923969F02C72
S2120E91DDEDF0586D84CD6CA76D82198E6D80E8
S2110E91EB4AAA9439CD00106D84CD00296D72
S2120E91F88219F02D6D8019F018B7644A848C1B
S20F0E92063A19F02DB7644A83FC3ACDEF
S2120E9211000A6D84CD00296D8219F02D6D8039
S2110E921F198EB7644A848C3A19F02DB76488
S2100E922C4A83FC3AEDF056026DF0568DAB
S2120E9238000B182DFE8FEDF058026DF058ED5F
S2110E9246F0588D00131825FE764A83E63A82
S2120E92531BF0640A3B1B96FD21DA8D000026EA
S2120E926107CCFFFE1820006618028A86ED86E1
S2120E926F8D0000270FCD44B0AD862708E6F31F
S2120E927D000AC1002605CCFFFF204718008809
S2120E928B00002036EC88CD21BC596D82E382A1
S2120E9299B74618024084ED848D0000271AECAE
S2110E92A784C3001EB746ED406D80EC8A4A6B
S2110E92B4B668398C00002604EC88200FEDFD
S2120E92C188026D88ED88BD21DA2DC3CCFFFF26
S2120E92CF1B8C0A3B1B9818028D8418028F8685
S2110E92DDCD6CA46D82ED886D804AAA943982
S2120E92EAEC8F3BEC8F3B1800AE00001800AE6B
S2120E92F8000016736A260DCD6E816D82ED880F
S2110E93066D804AAA94391B8A0A1BF1B269C3
S2100E9313F0224A97923ACC00354A83CBE3
S2110E931F3A1AF01C18000000001AF01E1876
S2120E932C00000000CC0137EDF01C13B746CE45
S2120E933A468BB7646E86E386B746ECF01E5979
S2120E93486D86E386B7461AF02318024000180C
S2120E9356200199CD252EADF02318270182ECAE
S2110E9364F023C30023B746E640C1FF1826CF
S2110E93710172ECF023C3001EB746EC404A16
S2100E937E92573AB7456EF020ECF023C371
S2120E938A0004B7461802408018024282198868
S2100E9398B7644A92D23ACD000A6D84CD1E
S2120E93A400296D8219F0256D801988B7644A6F
S20F0E93B2848C3A19F025B7644A83FC41
S2110E93BD3AECF023C30008B74618024080B5
S2110E93CA180242821988B7644A92D23ACD34
S2120E93D7000A6D84CD00296D8219F0256D807A
S2110E93E51988B7644A848C3A19F025B764CF
S2110E93F24A83FC3AECF023C3000CB7461875
S2120E93FF024080180242821988B7644A92D243
S2110E940D3ACD000A6D84CD00296D8219F04F
S2110E941A256D801988B7644A848C3A19F0C7
S2110E942725B7644A83FC3AECF023C3001010
S2120E9434B746E640876C84CD6CA16D82198813
S2100E94426D804AAA9439CD00036D84CDCF
S2120E944E00296D8219F0256D801988B7644AC4
S20F0E945C848C3A19F025B7644A83FC96
S2110E94673AECF023C30011B746E640B716E8
S2120E94746D84CD6CA16D8219886D804AAA9407
S2110E948239CD00036D84CD00296D8219F0E2
S2110E948F256D801988B7644A848C3A19F052
S2110E949C25B7644A83FC3AEDF0206D84CDB2
S2110E94A96CA16D8219886D804AAA9439CD8B
S2120E94B600036D84CD00296D8219F0256D80A1
S2110E94C41988B7644A848C3A19F025B764EF
S2110E94D14A83FC3AE6F022876C80ECF0230E
S2110E94DE4A96FF3A62F022EDF0231AE820BF
S2120E94EB19F02318020040EDF0238D00001835
S2120E94F926FE5DEDF01E026DF01E8D000B18A9
S2120E95072DFE26EDF01C026DF01C8D001318C6
S2110E95152DFE104A83E63A1BF04E0A1B98F8
S2120E9522180082000018200058180084000062
S2120E9530CC0137ED8213B746CE468BB7646E6F
S2120E953E80E380B746EC84596D80E380B74616
S2120E954C18024086201BCD252EAD86270BEC72
S2120E955A86C30022B745C6006B00ED861AE8E3
S2120E95682018020086ED868D000026DEED84AD
S2120E9576026D848D000B2DB2ED82026D82ED1D
S2120E9584828D00131825FF9F1B880A1BF18E82
S2110E9592FD21DF8D0000260B4A95203ACCF9
S2110E959F00364A83CB3ACE000BFC21DF18B7
S2110E95AC158E00132D0B4A83E63ACC0001F7
S2120E95B91820013ECE000BFC21DF18156EF0BA
S2110E95C724CE000BFC21DF18156CF01ECC18
S2120E95D40137EDF02413B746CE468BB7646E05
S2120E95E288E388B746ECF01E596D88E388B70E
S2110E95F0461AF07018024000182000EBCD51
S2110E95FD252EADF070182700D4ECF070C3CC
S2120E960A0022B746E640C100182600C4ECF05B
S2120E961870C30022B745C6016B00CD000B6D69
S2120E962682ECF070C300126C8019F026B7644A
S2110E96344AB7923969F031ECF070C300238E
S2120E9641B746E640876CF02219F0241AF02089
S2120E964F18024000CD00156D8619F0326D849F
S2120E965DEDF01E6D82EDF0246D80ECF0704A7E
S2110E966B89403ACD000B6D84CD00296D822E
S2110E967819F0476D8019F026B7644A848CF1
S2100E96853A19F047B7644A83FC3A19F015
S2110E9691476D80ECF0224A80003A19F04733
S2100E969EB7644A83FC3ACD00106D84CDF4
S2120E96AA00296D8219F0476D8019F032B764F4
S2100E96B84A848C3A19F047B7644A83FCCB
S2100E96C43A19F0476D80ECF0204A80004A
S2100E96D03A19F047B7644A83FC3AEDF0F6
S2120E96DC701AE82019F07018020040EDF070BB
S2120E96EA8D00001826FF0BFD21DF027D21DF0E
S2110E96F8CC00001BF0720A3B1B9618008477
S2120E970500001820007B1800860000CC0137EE
S2120E9713ED8413B746CE468BB7646E82E382A5
S2120E9721B746EC86596D82E382B746180240B4
S2110E972F88203CCD252EAD88272CEC88C357
S2120E973C0023B746E640C1FF261FED886D805F
S2110E974AEC8A4A868C3A8C00002710E6F05A
S2120E975710B716EC88C30023B745B7616B003B
S2120E9765ED881AE82018020088ED888D0000A8
S2120E977326BDED86026D868D000B182DFF8F1F
S2120E9781ED84026D84ED848D00131825FF7C9A
S2120E978F1B8C0A1B981800820000182000582B
S2120E979D1800840000CC0137ED8213B746CEBE
S2120E97AB468BB7646E80E380B746EC84596D2D
S2120E97B980E380B74618024086201BCD252E74
S2120E97C7AD86270BEC86C30023B745C6FF6B98
S2110E97D500ED861AE82018020086ED868D3F
S2120E97E2000026DEED84026D848D000B2DB287
S2120E97F0ED82026D82ED828D00131825FF9F0E
S2120E97FE1B880A1B9CF621DC876C828C0000F2
S2120E980C182700FEED828D0001274CED828D92
S2110E981A000218270075ED828D000318273A
S2120E9827007DED828D000418270083ED828DE5
S2110E9835000518270089ED828D0006182705
S2120E9842008FED828D000718270095ED828DA3
S2110E98500008182700A0ED828D00091827CD
S2120E985D00AC182000AB1803000021B4180350
S2110E986B000021B61803000021B84A803810
S2110E98783A1803000021DF1803000021DD62
S2110E9885CC00304A83CB3A180B0221DC18BB
S20E0E98922000794A8C873A4AB7C1C7
S2110E989C38180B0321DC182000684A8CBF1C
S20C0E98A93A4AB7C138180B0449
S20D0E98B121DC20594A8EB03A4A19
S20F0E98BAB7C138180B0521DC204A4A07
S20A0E98C590AF3A4AB7C14F
S20F0E98CB38180B0621DC203B4A930FDA
S20C0E98D63A4AB7C138180B0719
S2110E98DE21DC202C4A958F3A8C00002705C1
S2100E98EB180B0821DC4AB7C13820184ABA
S2100E98F783E63ACDFFFF6D80CC00004AE1
S20D0E9903805C3A7921DC20037920
S2120E990C21DCCC00011B840A3B1BF1D619F0A1
S2120E991A16180040000019F014180040000049
S2120E992819F018180040000019F01A1800402A
S2120E99360000EDF02A8D00002607CCFFFF186D
S2120E9944200450ECF02AC3001EB746ED408DF0
S2120E995200002715ECF02AC30011B746E640BB
S2120E9960C1002C0718008E0001200518008E80
S2120E996E000019F01618028E40EDF02A19E8C9
S2110E997C1E1802408AED8A8D00002723CDAE
S2120E998944B0AD8A271CED8A8D00002715EC23
S2120E9997F02AC30011B746E640C1002F07188F
S2120E99A5008C0001200518008C000019F0142E
S2120E99B318028C40EDF0168D000018270112DB
S2110E99C1CC00394A83CB3AECF02A4A9D9B27
S2110E99CE3A6CF0188C00002C07CCFFFF182A
S2120E99DB2003B9EDF0186D84CD6CA16D8219C7
S2110E99E9F01C6D804AAA94391AF02818005A
S2120E99F60000002024ECF02819F01C6D88E30B
S2120E9A0488B746E64087B746ECF01A6D88A87F
S2120E9A1288E8896CF01AEDF028026DF028EC4C
S2120E9A20F02819F01C6D88E388B746E640C1A4
S2110E9A2E0026CA19F01CB7644A83FC3AECF9
S2120E9A3BF02AC300128C00002607CCFFFF1880
S2120E9A4920034B1AF02818000000002029EC0F
S2120E9A57F02AC30012B746ECF0286D88E3889E
S2120E9A65B746E64087B746ECF01A6D88A8881E
S2120E9A73E8896CF01AEDF028026DF028ECF083
S2120E9A812AC30012B746ECF0286D88E388B7AD
S2120E9A8F46E640C10026C0ECF02AC300124A7E
S2110E9A9D83FC3AEDF01A6D84CD6C9C6D8244
S2110E9AAA19F01C6D804AAA943919F01CB7ED
S20C0E9AB7644A83FC3A4A83E67A
S2100E9ABF3ACDFFFF6D80CC00004A805CA4
S2100E9ACB3ACC0000182002C4EDF0148DFA
S2110E9AD700001827015DCC00384A83CB3AFC
S2110E9AE4ECF02A4A9D9B3A6CF0188C0000A0
S2120E9AF12C07CCFFFF1820029DEDF0186D849A
S2110E9AFFCD6CA16D8219F01C6D804AAA94E4
S2110E9B0C391AF02818000000002024ECF096
S2120E9B192819F01C6D88E388B746E64087B71D
S2120E9B2746ECF01A6D88A888E8896CF01AEDE8
S2120E9B35F028026DF028ECF02819F01C6D8852
S2120E9B43E388B746E640C10026CA19F01CB7E6
S2110E9B51644A83FC3AEDF02A1AF010180252
S2120E9B5E400018024202ECF0123BECF0123BF6
S2120E9B6CECF02EC30008B746180242AE1802E2
S2120E9B7A40AE16736A2D1DECF0123BECF01288
S2120E9B883BECF02EC3000CB746180242AE1889
S2110E9B960240AE16736A2F07CCFFFF182094
S2120E9BA301F219F0101802408418024286CD08
S2110E9BB16C996D8219F01C6D804AAA9439CD
S2120E9BBE1AF02818000000002024ECF02819DB
S2120E9BCCF01C6D88E388B746E64087B746EC79
S2120E9BDAF01A6D88A888E8896CF01AEDF0284F
S2120E9BE8026DF028ECF02819F01C6D88E3884C
S2120E9BF6B746E640C10026CA19F01CB7644AF0
S2110E9C0483FC3AEDF01A6D84CD6C9C6D82DB
S2110E9C1119F01C6D804AAA943919F01CB784
S20C0E9C1E644A83FC3A4A83E611
S2100E9C263ACDFFFF6D80CC00004A805C3B
S2100E9C323ACC00001820015DCC00374A2A
S20D0E9C3E83CB3AECF02A4A9D9BFA
S2110E9C473A6CF0188C00002C07CCFFFF18AE
S2120E9C54200140EDF02A1AF0101802400018FB
S2120E9C62024202ECF0123BECF0123BECF02E3F
S2120E9C70C30008B746180242AE180240AE16E3
S2120E9C7E736A2D1DECF0123BECF0123BECF070
S2120E9C8C2EC3000CB746180242AE180240AEAB
S2120E9C9A16736A2F07CCFFFF182000F1EDF0B0
S2120E9CA8186D84CD6CA16D8219F01C6D804A6D
S2110E9CB6AA94391AF0281800000000202489
S2120E9CC3ECF02819F01C6D88E388B746E640D4
S2120E9CD187B746ECF01A6D88A888E8896CF006
S2120E9CDF1AEDF028026DF028ECF02819F01C95
S2120E9CED6D88E388B746E640C10026CA19F019
S2110E9CFB1CB7644A83FC3AECF02AC3001234
S2120E9D088C00002607CCFFFF182000831AF0F2
S2120E9D162818000000002029ECF02AC30012C8
S2120E9D24B746ECF0286D88E388B746E6408713
S2120E9D32B746ECF01A6D88A888E8896CF01A11
S2120E9D40EDF028026DF028ECF02AC30012B7E4
S2120E9D4E46ECF0286D88E388B746E640C10066
S2110E9D5C26C0ECF02AC300124A83FC3AED36
S2120E9D69F01A6D84CD6C9C6D8219F01C6D8008
S2100E9D774AAA943919F01CB7644A83FC03
S20F0E9D833A4A83E63ACDFFFF6D80CC17
S2110E9D8E00004A805C3ACC00001BF02C0A48
S2120E9D9B3B1BF1E8180088000018008C000034
S2120E9DA91820017618008A0000CC0137ED8CCB
S2120E9DB713B746CE468BB7646E80E380B74673
S2120E9DC5EC8A596D80E380B7461AF014180229
S2120E9DD340001820012FCD252EADF0141827B7
S2110E9DE101181AF012180000000018008E6F
S2120E9DEE0000182000E6ED8EAD8C260618023C
S2120E9DFC8A842005180084000B180284861A2E
S2120E9E0AF010180000000018200056CC01378D
S2120E9E18ED8E13B746CE468BB7646E80E38093
S2120E9E26B746ECF010596D80E380B7461AF082
S2120E9E3416180240002021EDF016ADF0142692
S2120E9E420C1AF012180000000118200093ED06
S2120E9E50F0161AE82019F01618020040EDF073
S2120E9E5E168D000026D7EDF010026DF010EDFA
S2120E9E6CF010AD86182DFFA1ED8EAD8C1826CB
S2120E9E7A0059CC0137ED8C13B746CE468BB78B
S2120E9E88646E80E380B746EC8A596D80E380E8
S2120E9E96B7461AF01618024000201FEDF01602
S2120E9EA4ADF014260A1AF01218000000012067
S2120E9EB22FEDF0161AE82019F01618020040D2
S2120E9EC019F01618024082ED828D000027075C
S2120E9ECEED82ADF01426CCED8E026D8EED8E6E
S2120E9EDCAD8C1823FF12EDF0128D000026112D
S2120E9EEAEDF014ADF0182604EC882039ED8845
S2120E9EF8026D88EDF0141AE82019F014180208
S2120E9F060040EDF0148D00001826FEC7ED8A02
S2120E9F14026D8A8D000B182DFE94ED8C026DDC
S2120E9F228CED8C8D00131825FE81CCFFFF1BD8
S2120E9F30F01A0A3B1BF1E81800880000180015
S2110E9F3E8C00001820017618008A0000CC5A
S2120E9F4B0137ED8C13B746CE468BB7646E808C
S2120E9F59E380B746EC8A596D80E380B7461A51
S2120E9F67F014180240001820012FCD252EAD46
S2120E9F75F014182701181AF01218000000003B
S2120E9F8318008E0000182000E6ED8EAD8C261F
S2120E9F910618028A842005180084000B18029B
S2120E9F9F84861AF010180000000018200056D7
S2120E9FADCC0137ED8E13B746CE468BB7646EDC
S2120E9FBB80E380B746ECF010596D80E380B759
S2120E9FC9461AF016180240002021EDF016ADD6
S2120E9FD7F014260C1AF01218000000011820C6
S2120E9FE50093EDF0161AE82019F0161802007A
S2120E9FF340EDF0168D000026D7EDF010026D34
S2120EA001F010EDF010AD86182DFFA1ED8EAD11
S2120EA00F8C18260059CC0137ED8C13B746CEB2
S2120EA01D468BB7646E80E380B746EC8A596DAC
S2120EA02B80E380B7461AF01618024000201F7B
S2120EA039EDF016ADF014260A1AF012180000FE
S2120EA0470001202FEDF0161AE82019F016185C
S2110EA05502004019F01618024082ED828DB2
S2120EA06200002707ED82ADF01426CCED8E0220
S2120EA0706D8EED8EAD8C1823FF12EDF0128D58
S2120EA07E00002611ED88ADF0182605ECF01445
S2120EA08C2039ED88026D88EDF0141AE82019C2
S2120EA09AF01418020040EDF0148D000018268B
S2120EA0A8FEC7ED8A026D8A8D000B182DFE94F3
S2120EA0B6ED8C026D8CED8C8D00131825FE8140
S2120EA0C4CC00001BF01A0A3B1BF1EA18008CAB
S2120EA0D20000180086000018008A00001820F5
S2120EA0E000E51800880000CC0137ED8A13B795
S2120EA0EE46CE46A1B7646E80E380B746EC8879
S2120EA0FC596D80E380B7461802408EED8E8DAD
S2110EA10A0000182700A6EC8E4A83903A8CB3
S2120EA11700001826009918008C00001AF01092
S2120EA125180000000018200068EDF010AD8A3D
S2120EA1332606180288822005180082000B18D9
S2120EA1410282841AF0141800000000203ACC99
S2120EA14F0137EDF01013B746CE46A1B7646E7C
S2120EA15D80E380B746ECF014596D80E380B7B1
S2120EA16B461AF01218024000EDF012AD8E26C7
S2120EA1790718008C0001201EEDF014026DF08B
S2120EA18714EDF014AD842DBFEDF010026DF049
S2110EA19510EDF010AD8A1823FF8FED8C8DA7
S2120EA1A200002610ED86ADF0162604EC8E207C
S2120EA1B022ED86026D86ED88026D888D000B00
S2120EA1BE182DFF25ED8A026D8AED8A8D001390
S2120EA1CC1825FF12CC00001BF0180A3B1B9C39
S2110EA1DAE6F30004876C804AA0CB3A6C8238
S2120EA1E78C00002709ED821540CC00012003E7
S2120EA1F5CC00001B860A3B1B90E6F30010877C
S2110EA2036C86EDF010026D88EC864A9F33D7
S2110EA2103A6C8C8C00002607CC000018203F
S2120EA21D00E4EC8CC30011B746E640C1002DDF
S2120EA22B07CC0000182000D018008E0000ECA5
S2120EA2398CC30012B746EC8E6D82E382B746DB
S2120EA247CC00206B40ED8E026D8E8D000C2D21
S2120EA255E2EC8CC30011B746E640C1002D0F9A
S2120EA263EC8CC30011B746E640B7166D84208D
S2120EA27111EC8CC30011B746E640B7144050F1
S2120EA27F82006C841802848A18008E0000205E
S2120EA28D1EEC8CC30012B746EC8E6D82E3827A
S2120EA29BB746EC8EE388B745E6006B40ED8EB8
S2120EA2A9026D8EED8EAD8A2C0CEC8EE388B711
S2120EA2B746E640C10026D02019EC8CC30012DD
S2120EA2C5B746EC8E6D82E382B746CC00206B59
S2120EA2D340ED8E026D8EED8EAD8A2DE1EC8C7A
S2120EA2E1C30012B746EC8A6D82E382B746CCF7
S2120EA2EF00006B40CD00006D80EC8C4A9A1D70
S2110EA2FD381B84CC00011BF0120A3B1BF12F
S2120EA30AEEE6F30012876C88EDF012026D8EF2
S2120EA318B764C30003B746E64087167284CCC1
S2120EA3260018167086ECF012C30002B746E65C
S2120EA3344087167284CC001016708616704F78
S2120EA342EDF01202E64087167284CC00081666
S2120EA350708616704FE6F3001287167284168D
S2110EA35E704F3A6C8C3A6C8CEC884A9F332C
S2110EA36B3A6CF0108C00002605CC00002089
S2120EA3782DECF010C30011B746E640C1002EC5
S2120EA38605CC0000201ACD00046D82198A6DDB
S2100EA39480ECF0104AB5A439ECF0104A2C
S2110EA3A0978538CC00011BF0140A3B1B9667
S2110EA3AD18008800001800860000180084B6
S2120EA3BA0000CD00046D82CD6C946D80EC8A92
S2100EA3C84AB729398C0000260FEC8AC319
S2110EA3D400044AA1D73A6C88182000A0CDD0
S2120EA3E100046D82CD6C8F6D80EC8A4AB72913
S2100EA3EF398C0000260FEC8AC300044ACE
S2110EA3FBA1FB3A6C861820007CCD00046D88
S2110EA40882CD6C8A6D80EC8A4AB729398C9D
S2110EA4150000260DEC8AC300044AA3073A89
S2120EA4226C84205ACD00046D82CD6C856D8044
S2110EA430EC8A4AB729398C00002607180B57
S2120EA43D0121DC203ECD00046D82CD6C806DBC
S2110EA44B80EC8A4AB729398C000026064A96
S2110EA458B0C3382023CD00056D82CD6C7A82
S2110EA4656D80EC8A4AB729398C0000260758
S2120EA472180B0921DC2007FD21BA027D21BA47
S2070EA4801B8C0A15
S1116C7A61626F72740073617665006D656E01
S1116C8875007661722C007374722C006675B0
S1116C966E2C0025660025303258002564005F
S1116CA42567002575002C002573202573003C
S1116CB2004D454E550053455454494E47532A
S1116CC0005354415455530043414D45524135
S1116CCE00444941474E4F5354494353005329
S1116CDC45545550005354524F4B45005055EB
S1116CEA4D50005350454544005052455353FD
S1116CF855524500535952494E47452D004808
S1116D064541544552002054454D5000205341
S1116D14455450004C49474854494E47005AD4
S1116D224F4F4D00464F4355530041445641D8
S1116D304E43450053455249414C204E554DAB
S1116D3E00455849540020494C494D00534F1C
S1116D4C4654574152452000444941474E4F9A
S1116D5A535449430053544F50004558544578
S1116D684E44005245545241435400205459A5
S1116D76504500535952494E4745005241546E
S1116D84494F00444953504C4159004C494E6C
S1116D922E204143542E00434F4154455200DD
S1116DA0524553544F52450044454641554C0C
S1116DAE545300535931005359320053593392
S1116DBC0053593400535935005359360048DA
S1116DCA4541542D3100484541542D320048B6
S1116DD84541542D3300484541542D340048A4
S1116DE64541542D3500484541542D360000DA
S1116DF435300034390034380034370034367A
S1116E020034350034340034330034320034AC
S1116E1031003430003339003338003337009A
S1116E1E33360033350033340033330033325F
S1116E2C003331003330003239003238003286
S1116E3A370032360032350032340032330075
S1116E4832320032310032300031390031383C
S1116E5600313700313600313500313400315F
S1116E64330031320031310031300039003852
S1116E720037003600350034003300320031A2
S1066E80003000DB
S1066E83A1A2398C
S105E2490002CD
S105E24B0000CD
S2120E32B53B1B9D698018008100002011EC81E5
S2120E32C3E383B746E680E8406B80ED81026D31
S2110E32D181ED81AD8825E9E680871B850A14
S105E24D0000CB
S104E24F00CA
S104E25001C8
S105E2510000C7
S104E25300C6
S2110E32DE3B1BF1DD1AF01D18090023AC791C
S2120E32EB23ACE6F01D878400C4FC49496BF048
S2120E32F91EC420C100270718008600012005FF
S2120E33071800860000E6876BF01CE6F01E87A8
S2120E331584FFC4DF6BF01BE6F01E8784FFC439
S2120E3323DF6BF01AE6F01CC100270FE6F01B5B
S2120E3331C4076BF01918098E225020151AF0DC
S2120E333F1B19F01A180A004069F019E6F01B6A
S2110E334DC4037B2253E6F01DC100260EFDC4
S2120E335A224D027D224DCC0000182002B7F642
S2120E3368224FC10018260108E6F01CC10118FF
S2120E3376260092E6F01987ACF02823091AF00E
S2120E338428180200842006E6F019876C841ABC
S2120E3392F01F180284001AF02118000000002A
S2120E33A02024ECF021CD23AD876D82E382B79C
S2120E33AE46E640B716ECF021E3F023B745B71F
S2120E33BC616B00EDF021026DF021EDF021ADFB
S2120E33CAF01F25D4EDF01F03B764E3F023B713
S2120E33D846E640876CF011EDF01F036D80EC9C
S2110E33E6F0234AB2B538876C8FEDF011ADAE
S2120E33F38F2607ECF01F18200221FD224D0239
S2120E34017D224DCCFFFF18200213E6F01AC1F6
S2110E340F0118260207180B01224F180B029B
S2120E341C2250CD0007ADF02823091AF028180E
S2110E342A0200842005180084000718058493
S2120E343722511AF02118000000002024ECF09E
S2120E344521CD23AD876D82E382B746E640B7F3
S2120E345316ECF021E3F023B745B7616B00EDE3
S2120E3461F021026DF021EDF021BD225125D492
S2120E346FE68D7B2253182001A3E6F01CC10149
S2120E347D182600E4E6F01D878400C4606C8AF4
S2120E348BCE0005F6225387166EB06C88ECF057
S2120E349928B32251B746E6F01987B7456D8266
S2120E34A7AE82230AECF028B322516C84200667
S2120E34B5E6F019876C841AF01F180284001AAF
S2110E34C3F02118000000002027ECF021CDAF
S2120E34D023AD876D82E382B746E640B716FC44
S2120E34DE2251E3F021E3F023B745B7616B00F1
S2120E34ECEDF021026DF021EDF021ADF01F2562
S2120E34FAD1FC2251E3F01F6CF01379224F180E
S2120E35080B012250180300002251EDF0138D19
S2120E351600012C0EFD224D027D224DCC000033
S2120E3524182000F6EDF01303B764E3F023B79D
S2120E353246E640876CF011EDF013036D80EC4C
S2110E3540F0234AB2B538876C8FEDF011AD52
S2120E354D8F2607ECF013182000C7FD224D0245
S2120E355B7D224DCCFFFF182000B9E6F01AF1C7
S2110E3569225018260097E6F01A87B746CEB9
S2120E3576000703B754136CF017C30007ACF033
S2120E3584282320EDF017ADF028240AECF028D0
S2120E3592A3F0176C84200518008400001AF0B3
S2110E35A0151802840020081AF015180000F9
S2120E35AD00071AF02118000000002027ECF090
S2120E35BB21CD23AD876D82E382B746E640B77C
S2120E35C916ECF017E3F021E3F023B745B761DA
S2120E35D76B00EDF021026DF021EDF021ADF04F
S2120E35E51525D1ECF017E3F015BC2251230984
S2120E35F3ECF017E3F0157C2251722250E68D96
S2120E36017B2253201579224F180B01225018EB
S2110E360F0300002251FD224D027D224DCCFF
S20A0E361C00001BF0250A5B
S105E2540000C4
S2120E36223B1BF1EFECF01659596CF0161AF031
S2120E36301118020084180886086987E6F0173F
S2120E363E6B8869F0102032E6F01087ACF01A9A
S2120E364C2C10E6F01087E3F018B746E640871F
S2120E365A6C82200518008200001989E6F0101A
S2120E3668876D80E380B746EC82876B4062F07B
S2110E367610E6F010C10725C71984B7644A88
S2100E368391AB3887C1002607CC88014AA0
S20B0E368F8E4B381BF0130AE8
S105E2560001C1
S10B6E870000000000000000FF
S2120E36963B1BF1DB19F016180040000119F070
S2120E36A4141800400200CD6E871A8CCC00045F
S2120E36B2180271310434F918008A00001AF05E
S2120E36C01F18000000001803000022541AF017
S2120E36CE211800000000182000DBECF02AA3E6
S2120E36DCF0218C00072C1EECF02AA3F02184A1
S2110E36EA00C4076CF01FC300206CF016BA6B
S2120E36F72254FA22556CF01620151AF01F18E3
S2120E370500000006ECF0168400C40359595955
S2120E37137C22541AF0181808006E1AF02318AE
S2120E3721000000002022ECF02319F0196D8631
S2120E372FE386B746ECF021E3F023E3F025B771
S2120E373D45E6006B40EDF023026DF023EDF036
S2120E374B23ADF01F2DD6180B55003F180BAAF7
S2120E3759003F1804224923E2FD23E28D0000F5
S2120E37672708FD22568D000026F0EDF01F02FC
S2120E37756D8419F0186D8219F0161802408831
S2120E3783ED88026DF016ED886D80ECF0144A9F
S20B0E3791B622381804224987
S2120E379823E2FD23E28D00002708FD22568D4B
S2120E37A6000026F0ECF021C300066CF021EDBC
S2120E37B4F021ADF02A182DFF1B1BF0270A1B66
S2110E37C29E4A89C7381F23ACFC28CD002078
S20E0E37CF6D80CC259F4AB2DE387CD2
S2120E37D9224BFD224B8D00002F11CC259F4A51
S20F0E37E7A3AA3A1F23E44005180B01AE
S20C0E37F22552CC00001B820AD2
S1116E8F286E756C6C207074722070617373C1
S1076E9D65642900FB
S2120E37FA3B1BF1C51AF0311800000000182017
S2120E3808077CE6F30040C1252715E6F30040C8
S2120E381687EDF03B1540EDF031026DF03118E7
S2120E382420075819F033180040000019F02F38
S2120E3832180040FFFF19F0371800400000CDBA
S2120E384025BF6DF02C19F02E18084020EDF066
S2120E384E40026DF0401AF0391800000000E639
S2120E385CF30040876CF0228C00202757EDF00C
S2120E386A228D00232724EDF0228D0020182D2F
S2120E38780064EDF0228D002B272AEDF0228D37
S2120E3886002D2716EDF0228D00302740204A2A
S2120E3894ECF0378A00CA016CF0372046ECF0D6
S2120E38A2378A00CA046CF037203AECF0378AEC
S2120E38B000CA086CF0371AF02E1808002B20EF
S2120E38BE27ECF0378A00CA086CF0371AF02E88
S2120E38CC180800202014ECF0378A00CA106C84
S2120E38DAF03720081AF0391800000001EDF045
S2120E38E8398D00002702200BEDF040026DF029
S2110E38F6401820FF60E6F30040874ABF979B
S2100E3903388C00002723ECF0404AA21E71
S2110E390F396CF0332007EDF040026DF040ED
S2110E391CE6F30040874ABF97388C00002661
S2120E3929EB2024E6F30040C12A261CECF042EA
S2120E3937C300026CF042C3FFFEB7461AF03312
S2110E394518024000EDF040026DF040E6F373
S2120E39520040C12E265CEDF040026DF040E601
S2110E3960F30040874ABF97388C00002723DF
S2110E396DECF0404AA21E396CF02F2007ED3C
S2120E397AF040026DF040E6F30040874ABF971D
S2110E3988388C000026EB2024E6F30040C12C
S2110E39952A261CECF042C300026CF042C362
S2120E39A2FFFEB7461AF02F18024000EDF0405A
S2120E39B0026DF040E6F30040C16C2611EDF0FD
S2120E39BE40026DF040ECF0378A00CA026CF044
S2120E39CC37E6F30040876CF0228C0058182762
S2120E39DA0109EDF0228D00582E16EDF0228D0E
S2120E39E80045182704F1EDF0228D0047182733
S2120E39F60505206CEDF0228D00631827030BDE
S2120E3A04EDF0228D0064276FEDF0228D00652A
S2120E3A12182704BFEDF0228D0066182704C993
S2120E3A20EDF0228D0067182704C9EDF0228DFA
S2120E3A2E00692749EDF0228D006F182700A9BB
S2120E3A3CEDF0228D00701827009FEDF0228D03
S2120E3A4A007318270303EDF0228D0075182763
S2120E3A58008BEDF0228D0078182700812000DE
S2120E3A66E6F3004087EDF03B1540EDF0310222
S2120E3A746DF03118200504ECF0378400C40205
S2120E3A828C00002734ECF042C300046CF042B9
S2120E3A90C3FFFCB7461AF024180240001802B8
S2120E3A9E4202CD000A6D841AF0241802008033
S2110E3AAC18020282ECF02C4AA3E439182012
S2120E3AB90212ECF042C300026CF042C3FFFE97
S2120E3AC7B7461AF02A18024000CD000A6D828D
S2110E3AD5EDF02A6D80ECF02C4AA2A83918F0
S2120E3AE22001E8ECF0378400C4028C000027AA
S2120E3AF020ECF042C300046CF042C3FFFCB79D
S2120E3AFE46180242AE180240AE3A6CF0263A59
S2120E3B0C6CF0262015ECF042C300026CF04260
S2120E3B1AC3FFFEB7461AF02A18024000E6F366
S2120E3B280040C175263FECF0378400C4028CB8
S2120E3B360000271ECD000A6D84ECF0263BEC38
S2110E3B44F0263B306E82306E82ECF02C4A7E
S2110E3B51A5823918200175CD000A6D82ED93
S2110E3B5EF02A6D80ECF02C4AA66639182071
S2120E3B6B0160E6F30040C16F18260066ECF00F
S2120E3B79378400C4018C0000271B19F02C1A8E
S2120E3B87F01A18024000EDF01A026DF02CCD6A
S2120E3B950030EEF01AB7616B00ECF0378400CD
S2120E3BA3C4028C0000271ECD00086D84ECF0C8
S2120E3BB1263BECF0263B306E82306E82ECF039
S2110E3BBF2C4AA5823918200105CD00086D90
S2110E3BCC82EDF02A6D80ECF02C4AA66639CC
S2120E3BD9182000F0E6F30040C170263819F0F2
S2120E3BE72C1AF01818024000EDF018026DF0C1
S2120E3BF52CCD0030EEF018B7616B0019F02CD8
S2120E3C031AF01618024000EDF016026DF02CA8
S2120E3C11CD0078EEF016B7616B002045ECF095
S2120E3C1F378400C4018C0000273919F02C1AC9
S2120E3C2DF01418024000EDF014026DF02CCDCF
S2120E3C3B0030EEF014B7616B0019F02C1AF084
S2120E3C491218024000EDF012026DF02CE6F39B
S2120E3C570040B716EEF012B7616B00ECF037B9
S2120E3C658400C4028C0000271CCD00106D8457
S2120E3C73ECF0263BECF0263B306E82306E8276
S2110E3C81ECF02C4AA582392011CD00106DF6
S2110E3C8E82EDF02A6D80ECF02C4AA6663909
S2120E3C9BE6F30040C158262ACD25BF6DF03543
S2110E3CA9201AE6F30035874ABFDF3887B7CE
S2120E3CB646EEF035B7616B00EDF035026DF0A0
S2120E3CC435E6F30035C10026DECD25BF6DF0C9
S2120E3CD235EDF02F8DFFFF26081AF02F180086
S2120E3CE0000000EDF02F8D000018270086CC99
S2110E3CEE25BF4AB704396CF02AEDF02FAD55
S2120E3CFBF02A182C00721AF02A19F02F180252
S2120E3D09004018200064ECF042C300026CF07E
S2120E3D1742C3FFFEB746E6416BF028EDF033D2
S2120E3D258D00012F1519F0331AF02F180240DC
S2120E3D330069F02919F0286DF0352034E6F000
S2120E3D412887EDF03B1540EDF031026DF031A7
S2120E3D4F1820022CECF042C300026CF042B7B5
S2120E3D5D461AF03518025E00EDF0358D0000A9
S2120E3D6B2606CD6E8F6DF035EDF02F8DFFFF18
S2120E3D7926081AF02F1800000000EDF0338D0D
S2110E3D8700002715ECF0354AB70439B74595
S2120E3D946EF010ECF033A3F0106CF033EDF082
S2110E3DA22F8D0000260AECF0354AB70439C6
S2120E3DAF6CF02FEDF0338D00002713ECF0377E
S2120E3DBD8400C4088C00002707EDF033036D5B
S2120E3DCBF033ECF0378400C4108C0000274C4A
S2120E3DD9ECF0378400C4088C00002710E6F0CD
S2120E3DE72E87EDF03B1540EDF031026DF031FB
S2120E3DF5ECF0378400C4048C00001826008400
S2120E3E032016CC0030EDF03B1540EDF03102EF
S2120E3E116DF031EDF033036DF033EDF0338DC2
S2120E3E1F00002EE22062ECF0378400C4048C05
S2120E3E2D000026202016CC0020EDF03B15409F
S2120E3E3BEDF031026DF031EDF033036DF03325
S2120E3E49EDF0338D00002EE2ECF0378400C450
S2120E3E57088C0000272AE6F02E87EDF03B15AD
S2120E3E6540EDF031026DF0312018E6F3003518
S2120E3E7387EDF03B1540EDF031026DF031EDAF
S2120E3E81F035026DF035E6F30035C10027145D
S2120E3E8F19F02F1802408EED8E036DF02FEDFB
S2120E3E9D8E8D000026CCECF0378400C4048C0C
S2120E3EAB0000182700CE2016CC0020EDF03BAF
S2120E3EB91540EDF031026DF031EDF033036D75
S2120E3EC7F033EDF0338D00002EE2182000AA28
S2120E3ED51AF020180000000120261AF0201801
S2120E3EE300000002201C1AF02018000000003E
S2120E3EF120121AF020180000000320081AF007
S2120E3EFF201800000004ECF042C300046CF025
S2120E3F0D42C3FFFCB7461AF01C1802400018FE
S2120E3F1B024202EDF02F8DFFFF26081AF02F41
S2120E3F291800000006EDF02F6D8AEDF0336DD9
S2120E3F3788EDF0376D8619F01C1802408218C1
S2120E3F45024284EDF0206D80CC25BF4AAAE71E
S2110E3F53396CF035201E19F0351802408C22
S2120E3F60ED8C026DF035E6F3000C87EDF03BAF
S2120E3F6E1540EDF031026DF031E6F30035C170
S2120E3F7C0026DAEDF040026DF040E6F300404F
S2110E3F8AC1001826F87AECF0311BF03D0A47
S1116EA134B745ED84180A4030E77026F83007
S1046EAF3DA1
S10D6EB08E00002704590435FC3D50
S1116EBAEC8418028084180282806C82070522
S1116EC8EC821B843D1B9EEC842604EC862782
S1116ED658EC8459807F6A812B52180A8480FC
S1116EE4811F2252EC8487CA806C84A68181AF
S1116EF2172212408B17271A64846685668661
S1116F0066870430F5200D8017688765866566
S1116F0E8565840430F5E7802A176184618567
S1116F1C61866187EC86C300016C86EC84C933
S1116F2A0089006C841B823D87C76C846C86D2
S1116F3820F5CCFFFF6C846C86E7802BEAB654
S1096F46007F6A8420E3D1
S1116F4C180280AC1B9E698469856C86270D33
S1116F5A972A40180884FF180885FF20361B6C
S1116F68823D180280AC1B9E698469856C868C
S1116F76270220231B823D1B9EEC842607EC81
S1116F848626031B823D18088100202C1B9ECC
S1116F92EC842607EC8626031B823D180A8435
S1116FA081E7842A176184618561866187EC2C
S1116FAE86C300016C86EC84C90089006C84E3
S1116FBC18088017EC848C01002509496686AC
S1116FCA6687628020F2D72B0A688765865599
S1116FD845638020F3A6808B7F58496C84E7C4
S10C6FE6812A030C84801B823D06
S1116FEFEC86A3822612EC88AC84270CEC8876
S1116FFDA384EC86E283A28210FB1802808833
S106700B1B883D9E
S111700EEC88E3846C88EC86E983A9826C86A6
S111701C180280841B843DEC88A3846C88ECED
S111702A86E283A2826C86180280841B843D59
S1117038EC88E485A4846C88EC86E483A4824E
S11170466C86180280841B843DEC88EA85AABF
S1117054846C88EC86EA83AA826C861802801B
S1117062841B843DEC88E885A8846C88EC8649
S1117070E883A8826C86180280841B843D612C
S10B707E826183618461853D98
S1117086972603D7270B68856584658365828A
S11170940434F53D972603D7270B67826683E5
S11170A2668466850434F53D972603D7270BD4
S10F70B064826683668466850434F53DC2
S11170BC1B936D8AECF015EDF011136D846CCE
S11170CA86ECF013EDF01113E3846C84ECF00B
S11170D815ED8F13E3846C84EC846CF013ECE0
S11170E6866CF015ED8AEC8D6CF0111BF01128
S10470F43D5A
S11170F51808AFFF0741EC8C1BF0123B3D184E
S111710308AF01073420F11808AFFF2004186C
S111711108AF010726EC816CF012EC836CF0E1
S111711F1420D91808AFFF071420061808AF73
S111712D01070CEC816C8EEC836CF0101B8C53
S111713B3D1B976988ECF014260FECF0122629
S11171490A6C806C826B8405FA012CECF01049
S11171572615EC8E26116C816C83CC7FFF6CA8
S1117165F012CCFFFF6CF0143DA6F0126A8607
S1117173A88E6A85E78B2A47E78B2A43E7F04C
S1117181122A1F61F01261F01361F01461F024
S111718F15ECF014C300016CF014ECF012C9FE
S111719D0089006CF012E78E2A1B618E618F50
S11171AB61F01061F011ECF010C300016CF003
S11171B910EC8EC90089006C8E18088720CC5B
S11171C700006C806C826B8468F01565F01417
S11171D565F01365F01265846583658265813B
S11171E36580B720E7882704B7022519628863
S11171F1EC83A3F0106C83EC81E28FA28E6C11
S11171FF81E680C2006B802015EC83E3F01063
S111720D6C83EC81E98FA98E6C81E680C90048
S111721B6B802B08A6F0158A016AF0156387B4
S111722926A4E7802A0FEC83E3F0106C83ECBC
S111723781E98FA98E6C81E78B2A3EE7862AB7
S1117245176181618261836184EC83C300015F
S11172536C83EC81C90089006C81E7852A1FD9
S111726161F01261F01361F01461F015ECF0AD
S111726F14C300016CF014ECF012C900890085
S10A727D6CF012EC893B3DAB
S1117284180280AC6C8469826983E7842A0452
S1087292618261833DEF
S10E729730311BF63A3534B746054091
S11172A230311BF61B9C18028480180A868269
S10872B06E836D850AE8
S11172B5341A841675F03034351B951AF01116
S11072C316753F27791AF01516753F182728
S11172D000801AF011198616756A1AF0151945
S11172DE8116756AE681E0862728372A01505A
S11172ECC118332C5BD72B0D67876688668923
S11172FA668A0431F5200F6782668366846617
S11173088504B1F5E6866B81EC89E3846C8420
S1107316EC87E983A9826C826A802A10CC7E
S11173230000A3846C84CC0000E283A2826C80
S1117331821A811675AB272719F015A680164F
S111733F75831B8B3130180280841B843DE65D
S111734D81E1862CEFECF0116CF015ECF013DE
S111735B6CF01720E1EC826CF0156CF017203A
S1047369D748
S111736A343510F01A8A19860E0080060F4082
S1117378800C201E0E40800414092016B7D687
S1117386EC00A340260EEC02A3422708EC0004
S1117394E241A24010FB3130180280881B88B1
S10473A23DA9
S11173A334351B901AF01A19821675461827F5
S11173B100891AF016198B16754618270095D8
S11173BFE6F016E8F01A6B8187C76C876C89BC
S11173CD64846685668666876688180880185C
S11173DB688A65896588658765866585658429
S11173E965832510EC85A38E6C85EC83E28D04
S11173F7A28C6C83200EEC85E38E6C85EC83F7
S1117405E98DA98C6C832B030C8A016380260D
S1117413C7E682E08B6B82292CE7872634E7DC
S1117421882B0A688A65896588658763821AE4
S111742F86A681E6826B0019F01A1675831B7F
S111743DF0103130180280841B843D2B0A8726
S111744BC76CF01A6CF01C20E8CC7FFF6AF0CE
S11174591A6AF01B6BF01C6BF01DE7812AD53C
S10974671C001A8020CF76
S111746D34351BF1EC1AF01E19821675461800
S111747B2700901AF01A198F1675462610EC89
S1107489F01A6CF01EECF01C6CF0201820C2
S11174960076ED83ECF010136D876C89ED85A4
S11174A4ECF012136D8B6C8DED83ECF0121373
S11174B2E38B6C8BB764E98AA9896C89240783
S11174C0EC87C300016C87ED85ECF01013E33C
S11174CE8B6C8BB764E98AA9896C892407EC5E
S11174DC87C300016C87E68FEB82526B8F2909
S11174EA2FE7892B0E688B658A658965886398
S11174F88F291F20EE1A87180A8F0019F01E24
S1117506A6F01AA8401675831BF01431301835
S11175140280841B843D2A19CC7FFF6AF01E7E
S11175226AF01F6BF0206BF021E7812ADF0C6A
S1117530F01E8020D987C76CF01E6CF020205E
S104753ECF79
S111753FEC002602EC023D07F72715EC00597C
S111754D807F6A4054CA806B426941EC026C34
S111755B4310FB3D694069416942694369443C
S11175693D07DAE7002A10CC0000A3436C4370
S1117577CC0000E242A2416C41A6003D36EC7D
S1117585016C402608EC036C422602323DECF9
S1117593036C42E602A6008B7F58496C40321E
S11175A1972A06A6408A806A403DEC01260423
S11175AFEC032726E701270E6401660266033B
S11175BD6604620028F0201FE7022B0E68040B
S11175CB650365026501630028F02003860154
S11175D93D690169026903690420F5690186B0
S11175E7FF6A026A036A0420E916753F27064C
S11175F5A60088806A003D341A8407EF303DFA
S10876031D0016073D07
S2120E621E3B1B982005ED88026D88E6F30008FF
S2110E622C874ABFC7388C000026ED18008488
S2110E62390000E6F30008C12D260C180084A8
S2120E62460001ED88026D88200DE6F30008C1FB
S2120E62542B2605ED88026D88180086000020A9
S2110E62622318028882ED82026D88ED86CC30
S2120E626F000A13B746E6F3000287B745B7647B
S2120E627D6E80E3808300306C86E6F3000887A2
S2100E628B4ABF97388C000026CFED848D9D
S2120E629700002708EC86405082002002EC869F
S2070E62A51B8A0A34
S2120E62A83B1BF1EB19F01A1AF011180240000B
S2120E62B6EDF01A8D0000261CCD0030EEF01511
S2120E62C4B7616B00CD0000EEF01508B7616BEB
S2120E62D200ECF01518200106EDF01A8D0000F7
S2120E62E02C19EDF01C8D000A261118088E01E2
S2120E62EEECF0114151B746026DF01120026918
S2120E62FC8E1AF01519F01318020040EEF01C64
S2120E630AECF01118106C8C8C00092E1D19F07C
S2120E6318131802408AED8A026DF013EC8CC349
S2120E6326003087B746EE8AB7616B00201B1953
S2120E6334F01318024088ED88026DF013EC8C04
S2120E6342C3005787B746EE88B7616B00EEF0C5
S2110E63501CECF01118106EF011EDF0118D12
S2120E635D00001826FFA4E68EC100271619F0C3
S2120E636B1318024086ED86026DF013CD002D3F
S2120E6379EE86B7616B0019F01318024084EC26
S2120E638784C3FFFF6CF013CD0000EE84B761EA
S2120E63956B001AF0151802008F2036ED8F18CA
S2120E63A30A408E18028F82ED82026D8FE6F390
S2120E63B10013B716EE82B7616B0019F01318C4
S2120E63BF024080EC80C3FFFFB7466DF013E67B
S2120E63CD8EB716EE80B7616B00ED8FADF01337
S20D0E63DB25C3ECF0151BF0170AA1
S2120E63E43B1BF1E9ECF01E3BECF01E3B3A6C58
S2120E63F2F0133A6CF013ECF01E3BECF01E3B74
S2120E64001800AE00001800AE0000166FEF2655
S2120E640E1CCD0030EEF017B7616B00CD00000F
S2110E641CEEF01708B7616B00ECF0171820B5
S2110E64290153ECF01E3BECF01E3B1800AECF
S2120E643600001800AE0000166FEF2C2EEDF0D4
S2120E6444208D000A262618088E01ECF0133B5B
S2120E6452ECF0133B16707D1800AE000118001D
S2120E6460AE000016700E3A6CF0133A6CF01387
S2120E646E2002698E1AF01719F015180200405B
S2120E647CECF0133BECF0133BECF0241672849F
S2120E648A1671101B82316D8C8D00092E1D1999
S2120E6498F0151802408AED8A026DF015EC8C97
S2120E64A6C3003087B746EE8AB7616B00201B28
S2120E64B419F01518024088ED88026DF015ECF2
S2120E64C28CC3005787B746EE88B7616B00ECAA
S2120E64D0F0133BECF0133BECF0241672841621
S2120E64DE71023A6CF0133A6CF013ECF0133BAE
S2120E64ECECF0133B1800AE00001800AE0000D9
S2120E64FA166FEF1826FF7BE68EC100271619CA
S2110E6508F01518024086ED86026DF015CDDA
S2120E6515002DEE86B7616B0019F015180240C9
S2120E652384EC84C3FFFF6CF015CD0000EE84F2
S2120E6531B7616B001AF0171802008F2036EDB9
S2120E653F8F180A408E18028F82ED82026D8F24
S2120E654DE6F30015B716EE82B7616B0019F076
S2120E655B1518024080EC80C3FFFFB7466DF0A9
S2120E656915E68EB716EE80B7616B00ED8FADA1
S20F0E6577F01525C3ECF0171BF0190AF8
S2120E65823B1BF1EF1AF0111802008FECF0180A
S2120E65903BECF0183BECF01E167284167110E3
S2120E659E1B82316D8A8D00092E1918028F8809
S2120E65ACED88026D8FEC8AC3003087B746EE80
S2120E65BA88B7616B00201718028F86ED8602DA
S2120E65C86D8FEC8AC3005787B746EE86B76116
S2120E65D66B00ECF0183BECF0183BECF01E16CB
S2120E65E472841671023A6CF0183A6CF018ECCF
S2120E65F2F0183BECF0183B1800AE0000180038
S2120E6600AE0000166FEF1826FF8318028F846A
S2120E660EEC84C3FFFF6C8FCD0000EE84B761E8
S2120E661C6B001AF0111802008D2032ED8D184C
S2120E662A0A408C18028D82ED82026D8DE6F30C
S2120E6638000FB716EE82B7616B0018028F8049
S2120E6646EC80C3FFFFB7466D8FE68CB716EEE0
S2120E665480B7616B00ED8DAD8F25C8ECF01192
S2080E66621BF0130AF9
S2120E66663B1BF1EF1AF0111802008FEEF01823
S2120E6674ECF01618106C8A8C00092E191802FF
S2120E66828F88ED88026D8FEC8AC3003087B7C6
S2120E669046EE88B7616B00201718028F86ED57
S2120E669E86026D8FEC8AC3005787B746EE86CF
S2120E66ACB7616B00EEF018ECF01618106EF0DC
S2120E66BA16EDF0168D000026AE18028F84EC3C
S2120E66C884C3FFFF6C8FCD0000EE84B7616BAF
S2120E66D6001AF0111802008D2032ED8D180AF3
S2110E66E4408C18028D82ED82026D8DE6F35D
S2120E66F1000FB716EE82B7616B0018028F8090
S2120E66FFEC80C3FFFFB7466D8FE68CB716EE27
S2120E670D80B7616B00ED8DAD8F25C8ECF011D8
S2080E671B1BF0130A3F
S2120E671F1BF1D8CD0000EEF02F6D00ECF02D25
S2110E672D3BECF02D3B1800AE00001800AE41
S2110E673A000016736A2619CC25D8180B30F1
S2110E674725D8180B2E25D9180B3025DA791B
S2120E675425DB182002FA19F02B1AF01E18027A
S2120E6762400018024202ECF0203BECF0203B0A
S2110E6770CC00171670981B8231B764878315
S2120E677D007FB7466DF01CECF0203BECF020D3
S2120E678B3B1800AEFFFF1800AE00FF1670386B
S2120E67991800AE00001800AE008016704F3AC4
S2110E67A76CF0163A6CF01619F02218004031
S2110E67B40000180042000019F018180040F2
S2120E67C100001800420000EDF01C8D001F2D8B
S2120E67CF0FCC0000CDFFFEEEF02F6D00182052
S2120E67DD0275EDF01C8DFFE92C0FCC0000CDE2
S2120E67EBFFFFEEF02F6D001820025EEDF01C84
S2120E67F98D00172D1DECF0163BECF0163BEC4B
S2120E6807F0208300171670863A6CF01A3A6C64
S2120E6815F01A18200073EDF01C8D00002D41B9
S2120E6823ECF0163BECF0163BCC0017A3F02064
S2120E68311670983A6CF01A3A6CF01AECF016D6
S2120E683F3BECF0163BEDF02002B764167086AA
S2120E684D1800AEFFFF1800AE00FF1670383AA9
S2120E685B6CF0243A6CF024202AECF0163BEC7F
S2120E6869F0163B1800AEFFFF1800AE00FF162E
S2110E68777038EDF02002B764405082001617
S2120E688470983A6CF0243A6CF024CD25D86D40
S2110E6892F026ECF0203BECF0203B1800AE9C
S2120E689F00001800AE0000166FEF2C1B19F04E
S2120E68AD261AF01018024000EDF010026DF0E4
S2120E68BB26CD002DEEF010B7616B00ECF01A35
S2110E68C93BECF01A3B1800AE00001800AEB7
S2120E68D60000166FEF261819F0261802408ED8
S2120E68E4ED8E026DF026CD0030EE8EB7616B97
S2120E68F2002028CD000A6D841AF01818020039
S2110E69008018020282ECF0264AA3E439202D
S2120E690D07EDF026026DF026E6F30026C1001A
S2120E691B26F119F0261802408CED8C026DF057
S2120E692926CD002EEE8CB7616B00ECF0243BF4
S2120E6937ECF0243B1800AE00001800AE000078
S2120E6945166FEF261A19F0261802408AED8AF3
S2120E6953026DF026CD0030EE8AB7616B00188E
S2120E69612000E5CD25D8ECF0266D86A386B771
S2120E696F46CC000F6D86A386B74603B7616B47
S2120E697DF012C10723071AF012180800076959
S2120E698BF0131820007DECF0243BECF0243BBD
S2120E6999CC0003167086ECF0283BECF0283B84
S2120E69A7CC000116708616700E3A6CF0243A6E
S2120E69B56CF02419F02618024088ED88026D4C
S2120E69C3F026ECF0243BECF0243BCC0018162D
S2110E69D170981800AE00301800AE000016CC
S2120E69DE700E1B8231B76487B746EE88B7611F
S2110E69EC6B00ECF0243BECF0243B1800AEE4
S2120E69F9FFFF1800AE00FF1670383A6CF02442
S2120E6A073A6CF02462F013E6F013E1F012186B
S2120E6A1525FF79ECF026C3FFFF6CF026200955
S2120E6A23ECF026C3FFFF6CF026E6F30026C14D
S2120E6A3130260EECF026C3FFFFB746E640C139
S2120E6A3F2E26E1EDF026026DF026CC0000EEBF
S20F0E6A4DF0266B00CC25D81BF0280AA4
S2120E3F973B1B9ECD7609EC826D80E380B7460E
S20E0E3FA5E640878400C4041B840A5D
S2120E3FAF3B1B9ECD7609EC826D80E380B746F6
S20E0E3FBDE640878400C4021B840A47
S2120E3FC73B1B9ECD7609EC826D80E380B746DE
S20E0E3FD5E640878400C4101B840A21
S1117608002020202020202020203030303090
S1117616302020202020202020202020202092
S1117624202020202090404040404040404024
S1117632404040404040400C0C0C0C0C0C0C32
S11176400C0C0C404040404040400909090930
S111764E09090101010101010101010101010C
S111765C010101010101010140404040404094
S111766A0A0A0A0A0A0A0202020202020202C2
S1117678020202020202020202020202404068
S11076864040200000000000000000000053
S11176930000000000000000000000000000E5
S11176A10000000000000000000000000000D7
S11176AF0000000000000000000000000000C9
S11176BD0000000000000000000000000000BB
S11176CB0000000000000000000000000000AD
S11176D900000000000000000000000000009F
S11176E7000000000000000000000000000091
S11176F5000000000000000000000000000083
S10977030000000000007C
S2110E3FDF3BEC804ABFAF388C0000270AEC82
S2120E3FEC80830061C300412002EC801B820A17
S2120E6A581B9CEC893BEC893B1800AE00001828
S2120E6A6600AE000016736A2C11EC893BEC890C
S2120E6A743B1675FC3A6C823A6C8220081802AD
S2110E6A82878018028982EC823BEC823BCCAA
S2090E6A8F00040672A2D1
S11177093B1B9E18018025E7ED80027D25E7DD
S1107717E683B716EE80B7616B001B843D5E
S2120E6A941B9A18058925E7198D6D846D82ED07
S2110E6AA28B6D80CC77094AB7FA38CD000010
S2120E6AAFFE25E7B7616B00FC25E7A3891B8664
S2050E6ABD0ABB
S111772466746F61206572726F723A206E7522
S11177326D62657220746F6F20626967006675
S1117740746F61206572726F723A206E756DFF
S111774E62657220746F6F20736D616C6C0045
S111775C66746F61206572726F723A20756EEA
S111776A6578706563746564206572726F7271
S1047778000C
S2120E6ABE3B1B9EED878DFFFE2607CD77246DC3
S2120E6ACC802013ED878DFFFF2607CD773F6DDA
S2120E6ADA802005CD775C6D80EC801B840A3B19
S2120E6AE81BF1B119F02D180040FFFF19F048F3
S2120E6AF6180040FFFF19F03E180040FFFF1973
S2110E6B04F042180040FFFF19F02B1800405D
S2120E6B11FFFF19F03B180040FFFF19F0381872
S2120E6B1F0040000019F02518004000FF19F087
S2120E6B2D29180040000019F040180040000025
S2120E6B3B19F03A1808402019F03518084020B8
S2120E6B4919F02218084065EDF05C8D00142F32
S2110E6B57081AF05C1800000014EDF05E8DBC
S2120E6B6400142F081AF05E1800000014EDF054
S2120E6B72548D0000182700F7EDF0548D00012C
S2120E6B802723EDF0548D00022714EDF0548DF1
S2120E6B8E00032726EDF0548D0004271718205E
S2120E6B9C00D31AF022180800451AF040180012
S2120E6BAA000001182000C01AF0221808004540
S2120E6BB81AF05619F01E18020040180202427D
S2120E6BC6ECF0583BECF0583B1800AE000018F2
S2120E6BD400AE000016736A2C1D1800AE0000F0
S2120E6BE21800AEBF80ECF05C3BECF05C3B1691
S2120E6BF0746D3A6CF0203A6CF0201AF03118E4
S2120E6BFE00003F8018000200001AF04D18002E
S2110E6C0C00000020241800AE00001800AE98
S2120E6C194120ECF0373BECF0373B16746D3A2C
S2120E6C276CF0333A6CF033EDF04D026DF04D1E
S2120E6C35EDF04DADF05E2DD4ECF0203BECF005
S2110E6C43203B1800AEB7171800AE38D1165D
S2120E6C50736A2D15ECF0203BECF0203BECF0BA
S2120E6C5E373BECF0373B16736A2F081AF040E1
S2110E6C6C1800000001ECF05A8400C4108CD5
S2120E6C79000027071AF03A180800301AF03AF4
S2120E6C8719F03D180A0040ECF05A8400C408BE
S2120E6C958C000027071AF03D1808002BEDF0B5
S2120E6CA3408D0000271B19F0236D841AF05644
S2110E6CB118020080180202824AA71F396CD6
S2120E6CBEF044182000A61AF0311800003F0011
S2120E6CCC18000200001AF04D180000000020FE
S2120E6CDA24ECF0333BECF0333B1800AE00001B
S2120E6CE81800AE41201673A33A6CF0333A6CC9
S2120E6CF6F033EDF04D026DF04DEDF04DADF0BD
S2120E6D045E2DD4ECF0583BECF0583B1800AE6B
S2120E6D1200001800AE000016736A2C2719F04B
S2120E6D20236D84ECF0583BECF0583BECF0374D
S2120E6D2E3BECF0373B1672B5306E82306E823E
S2110E6D3C4AA71F396CF044202519F0236D70
S2120E6D4984ECF0583BECF0583BECF0373BEC8D
S2110E6D57F0373B1672BC306E82306E824AEC
S2110E6D64A71F396CF044EDF0238D000027BC
S2110E6D7110EDF0236D80ECF04F4AAABE39EF
S2120E6D7E182007821AF04D1800000000EDF0E7
S2120E6D8C408D00002617EDF0488D00002D0FEE
S2110E6D9AECF04DA3F048ACF05E2F04182070
S2120E6DA700CBECF04DE3F044B7461AF04A1857
S2120E6DB50A4000E6F04AC13018250075E6F0DA
S2120E6DC34AC1391822006C19F04D1AF02D1820
S2120E6DD1024000E6F04AC1302312EDF02B8D84
S2120E6DDF00002C0A1AF04D19F02B1802004078
S2120E6DEDEDF0488D00002C28EDF0428D0000D3
S2120E6DFB2C11E6F04AC130230A1AF04D19F09C
S2120E6E094218020040EDF0428D00002D07EDFF
S2120E6E17F038026DF038EDF0488D00002D11AB
S2120E6E25E6F04AC130230A1AF04D19F03B185B
S2120E6E33020040E6F04AC12E260A1AF04D194D
S2120E6E41F04818020040E6F04AC12D260F1A41
S2120E6E4FF02918000000011AF03D1808002D5C
S2120E6E5DE6F04AC1002602200EEDF04D026D44
S2110E6E6BF04D8D0014182DFF16EDF0488D1D
S2120E6E7800002C0DEDF02D026DF03E026DF0BA
S2120E6E862F202219F0481AF03E18024000ED9A
S2120E6E94F03B8D00002C09EDF03E026DF02F47
S2110E6EA22007EDF03B026DF02FEDF0428D57
S2120E6EAF00002C07EDF03E036DF042EDF040B5
S2110E6EBD8D0000182703DE19F04D1800405A
S2120E6ECA0000E6F03DE1F03A272219F04D1AD0
S2120E6ED8F01C18024000EDF01C026DF04DE6A8
S2120E6EE6F03DB716ECF01CE3F04FB745B76163
S2120E6EF46B0019F04D1AF01A18024000EDF061
S2120E6F021A026DF04DECF02BE3F044B746E6A7
S2120E6F1040B716ECF01AE3F04FB745B7616BBC
S2120E6F1E00ECF04DE3F04FB745C62E6B00EDBF
S2120E6F2CF05E8D00002F07EDF04D026DF04D5D
S2110E6F3AEDF02B026DF04B1AF0461800001D
S2120E6F4700001820007CEDF04BADF03E182733
S2120E6F55006BEDF04BADF02F2C2B19F04D1AF5
S2120E6F63F01818024000EDF018026DF04DEC1E
S2120E6F71F04BE3F044B746E640B716ECF018C9
S2120E6F7FE3F04FB745B7616B002031ECF05AC9
S2110E6F8D8400C4018C00002608EDF0468D31
S2120E6F9A0000263D19F04D1AF01618024000A3
S2120E6FA8EDF016026DF04DECF016E3F04FB75E
S2120E6FB645C6306B00EDF046026DF046EDF06F
S2120E6FC44B026DF04BEDF046ADF05E2C0AED76
S2120E6FD2F04D8D000E182DFF72EDF04D036D76
S2120E6FE0F046EDF05E8D0000260A1AF04D19F2
S2120E6FEEF04618020040ECF03EA3F02BB7461D
S2120E6FFC036DF025EDF04BADF02F2C15ECF0DE
S2120E700A4BE3F044B746E640C12E2607EDF0E7
S2110E70184B026DF04BEDF04BADF02F182C2B
S2120E702500EFECF04BE3F044B746E640876C07
S2110E7033F0148C0035182D00DAEDF0148DDB
S2120E70400039182E00D0182000C2ECF046E3E1
S2120E704EF04FB746E640876CF0128C00302DE1
S2120E705C25EDF0128D00382E1DECF046E3F0FA
S2120E706A4FB7466DF010E6F30010B71602EEA6
S2120E7078F010B7616B0018200094ECF046E3A3
S2120E7086F04FB746E640C12E265BEDF04603F1
S2120E70946DF046B764E3F04FB746E640876CE5
S2120E70A28E8C00302D20ED8E8D00382E19ECC3
S2120E70B0F046E3F04FB7466D8CE6F3000CB7D5
S2120E70BE1602EE8CB7616B00204EECF046E329
S2120E70CCF04FB746E640C1392615ECF046E307
S2120E70DAF04FB745C6316B00EDF025026DF097
S2120E70E825202BECF046E3F04FB746E640C1EF
S2120E70F639260CECF046E3F04FB745C6306B6D
S2120E710400EDF046036DF046EDF0468D0000F1
S2120E7112182CFF3419F04D1802408AED8A0232
S2120E71206DF04DE6F022B716EC8AE3F04FB790
S2120E712E45B7616B00EDF0258D00002C201984
S2120E713CF04D18024088ED88026DF04DEC887E
S2120E714AE3F04FB745C62D6B00ECF025415115
S2120E71586CF025CD000A6D82EDF0256D80ECF4
S2110E7166F04DE3F04F4AA2A8391AF04D186E
S2120E717300000000ECF04DE3F04FB746E6408D
S2120E7181C100260C1AF04D19F036180200400A
S2120E718F200CEDF04D026DF04D8D00142DDA35
S2120E719DECF05A8400C4048C0000274CEDF073
S2120E71AB36ADF05C182C034E1AF03619F04B6B
S2120E71B9180200402018E6F035B716ECF04B24
S2120E71C7E3F04FB745B7616B00EDF04B026D6F
S2120E71D5F04BEDF04BADF05C2DE0CD0000EE75
S2120E71E3F05C09B754E3F04FB745B7616B008A
S2120E71F11820030CEDF036ADF05C182C0302E1
S2120E71FF1AF03619F04B180200402025ECF060
S2120E720D4BE3F04FB746E640B716ECF04BE3F9
S2120E721BF05CA3F036E3F04FB745B7616B009C
S2120E7229EDF04B036DF04BEDF04B8D00002C90
S2120E7237D3ECF05CA3F036B746036DF04B209A
S2120E724518E6F03AB716ECF04BE3F04FB745EE
S2120E7253B7616B00EDF04B036DF04BEDF04B9C
S2110E72618D00002CE0ECF05A8400C4108C5A
S2120E726E00001827028DE6F03DE1F03A1827D4
S2120E727C0283E6F03DB716EEF04FB7616B00DC
S2120E728AE6F03AB716ECF05CA3F036E3F04FE3
S2120E7298B745B7616B001820025FECF05A8403
S2120E72A600C4018C00002719ECF03EE3F05EEB
S2120E72B4ACF02F2D21ECF03EE3F05EB7460256
S2120E72C26DF02F2013EDF03E02ADF02F260AD3
S2120E72D01AF03E19F02F18020040EDF02F8D2A
S2120E72DE00142F081AF02F1800000014ECF003
S2120E72EC2FA3F042B7466DF036E6F03DE1F009
S2120E72FA3A2707EDF036026DF036EDF05CAD7D
S2120E7308F0362C0A1AF03619F05C1802004009
S2120E7316EDF05C8D00142F081AF05C180000C7
S2120E73240014EDF0368D00142F081AF03618F1
S2120E733200000014ECF05A8400C4048C000018
S2120E73402608EDF05CADF036262A19F027185A
S2120E734E00400000E6F03DE1F03A18270085FC
S2120E735CE6F03DB716EEF04FB7616B001AF076
S2120E736A2718000000011820006DECF05CA342
S2120E7378F0366CF0271AF04B180000000020BE
S2120E738618E6F03AB716ECF04BE3F04FB745AC
S2120E7394B7616B00EDF04B026DF04BEDF04B5B
S2120E73A2ADF0272FE0E6F03DE1F03A2732EC94
S2120E73B0F05A8400C4108C0000270EE6F03D46
S2120E73BEB716EEF04FB7616B002011E6F03DED
S2120E73CCB716ECF027E3F04FB745B7616B002F
S2120E73DAEDF027026DF02719F0271AF04B186B
S2120E73E8024000EDF0388D00002613ECF04B40
S2120E73F6E3F04FB745C6306B00EDF04B026D60
S2120E7404F04B1AF04D1800000000202FECF092
S2120E74124DE3F044B746ECF0426D86E386B7C7
S2120E742046E640B716ECF04BE3F04FB745B716
S2120E742E616B00EDF04B026DF04BEDF04D0273
S2120E743C6DF04DEDF04DADF0382DC9EDF02F84
S2120E744AADF03E2F13ECF04BE3F04FB745C6F9
S2120E74582E6B00EDF04B026DF04B1AF04D1839
S2120E7466000000002055ECF03BA3F048ACF002
S2120E74744D2F24ECF04DE3F044B746ECF048F6
S2120E74826D86E386B74602E640B716ECF04B74
S2120E7490E3F04FB745B7616B002018ECF05ACC
S2120E749E8400C4018C00002746ECF04BE3F091
S2120E74AC4FB745C6306B00EDF04B026DF04B41
S2120E74BAEDF04D026DF04DEDF04DADF05E2C8A
S2120E74C80AEDF04B8D0014182DFF992018E6D5
S2120E74D6F035B716ECF04BE3F04FB745B76146
S2120E74E46B00EDF04B026DF04BEDF04BADF085
S2120E74F25C2DE0ECF04BE3F04FB745C6006B9A
S20C0E750000ECF04F1BF0510ADF
S2120E75083B1B9EED828D00002D061802828023
S2120E75162008EC82405082006C80EC801B84B5
S2050E75240A49
S105E2580001BF
S2110E75253B18058022581B820AFD2258CC0A
S2110E75324E6D13C33039847FC4FFB746FE7E
S20C0E753F22587D2258B7540AAB
S2120E75473B1B9A1802868418028B82200AEDD1
S2120E755584026D84ED82026D8218028D80ED2A
S2110E756380036D8DED808D0000270AE6F387
S2120E75700004E1F3000227DCED8D028D000014
S2110E757E270AE6F30004E1F300022605CC12
S2120E758B00002012E6F30004E1F300022405D1
S20F0E7599CCFFFF2003CC00011B880A6D
S2120E75A43B1B9618028A8818028F86201E1829
S2120E75B2028884ED84026D8818028682ED82B1
S2120E75C0026D86E6F30002B716EE84B7616B18
S2120E75CE0019F01118024080ED80036DF011CA
S2100E75DCED808D000026CEEC8A1B8C0A7B
S2120E75E83B1B9218028E8C19F0131802408A66
S2120E75F6ED8CAD8A2606EC8E18200062ED8A0D
S2120E7604AD8C244AECF015E38C6C8CECF01575
S2120E7612E38A6C8A2024EC8CC3FFFF6C88186B
S2120E762002888CEC8AC3FFFFB7466D861802F2
S2120E762E868AE6F30006B716EE88B7616B0086
S2120E763C19F01518024084ED84036DF015ED5E
S2120E764A848D000026C82010EDF0156D82ED22
S2110E7658F0136D80EC8E4AB5A439EC8E1B37
S2070E7665F0100A05
S2120E76683B1B9C200AED84026D84ED89026D9C
S2120E767689E6F30004876C828C00002712E66D
S2120E7684F30009876C808C00002706ED82ADA1
S2120E76928027D8E6F30004E1F300092605CCA7
S2120E76A000002012E6F30004E1F300092405B4
S20F0E76AECCFFFF2003CC00011B860A59
S2110E76B93B1B9C1800800000203418008239
S2120E76C600002017EC82E389B746E6F30004B8
S2120E76D4E1402604EC802025ED82026D82EC4D
S2120E76E282E389B746E640C10026DDED84023F
S2120E76F06D84ED80026D80E6F30004C1002668
S20A0E76FEC4EC801B860A98
S2120E77043B1B9C18008200002005ED82026DD5
S2120E77128218028480ED80026D84E6F300007D
S20D0E7720C10026EAEC821B860A63
S2120E77293B1B9A200AED86026D86ED8B026DD6
S2110E77378B18028D84ED84036D8DED848D10
S2120E77440000271EE6F30006876C828C0000FF
S2120E77522712E6F3000B876C808C00002706CD
S2120E7760ED82AD8027C8ED8D028D0000270A43
S2120E776EE6F30006E1F3000B2605CC00002025
S2120E777C12E6F30006E1F3000B2405CCFFFF29
S20C0E778A2003CC00011B880A47
S2120E77923B1B9618028A88202518028A86ED62
S2120E77A086026D8A18028F84ED84026D8FE6C7
S2120E77AEF30004B716EE86B7616B00EDF01111
S2120E77BC036DF011E6F3000FC1002708EDF086
S2120E77CA118D000026CB201218028A82ED8248
S2120E77D8026D8ACD0000EE82B7616B0019F0CE
S2120E77E61118024080ED80036DF011ED808DBF
S20D0E77F4000026DAEC881B8C0A54
S2110E77FD3B1B9CED896D80EC844AB6B939B5
S2120E780AB7456E82B754E384B746E640C1001B
S2120E78182706EC82E3842003CC00001B860AB3
S2110E78263B1B9C18008000002047180082B7
S2120E783300002019EC82E389B746EC80E38451
S2120E7841B745E600E14026022011ED82026DEC
S2120E784F82EC82E389B746E640C10026DBECEB
S2120E785D82E389B746EC80E384B745E600E189
S2120E786B402704EC802015ED80026D80EC8028
S2120E7879E384B746E640C1001826FFABEC804F
S2070E78871B860A40
S2120E788A3B1B96ED8A8D0000270618028A8498
S2120E7898200518018425E918028488ED888DD7
S2120E78A600002605CC0000204FED8F6D80EC06
S2110E78B4884AB82639E388B7466D88E6F395
S2120E78C10008C1002605CC00002032ED8F6DAB
S2110E78CF80EC884AB7FD396C868C000027C9
S2120E78DC1AE6F30006C100271218028682ED89
S2120E78EA82026D86CD0000EE82B7616B00182E
S20D0E78F8058625E9EC881B8C0AB6
S11177793B1BF1DE1AF01E1800000000180081
S11177870200001AF01A1800003DCC1800028F
S1117795CCCD1AF017180800201AF0161808A8
S11177A300201AF01818000000002007EDF076
S11177B122026DF022E6F3002287167A398C4C
S11177BF000026ECE6F30022C12D261A19F074
S11177CD221802408CED8C026DF022ED8C1A15
S11177DBF017180A400018200055E6F30022AB
S11177E9C12B1826004BEDF022026DF0222079
S11177F74219F0221802408AED8A026DF02237
S11178051800AE00001800AE4120ECF0243B49
S1107813ECF0243B16746DE6F3000E8716AE
S11078206F4C1672BC1800AE00001800AECC
S111782D42401672B53A6CF0203A6CF020E638
S111783BF3002287167A098C00001826FFAF8E
S1117849E6F30022C12E1826005EEDF02202A6
S11178576DF0221820005319F0221802408808
S1117865ED88026DF022ECF0203BECF0203BAD
S1117873E6F3000C87830030166F4CECF02413
S11178813BECF0243B16746D1672BC3A6CF0AE
S111788F203A6CF020ECF01C3BECF01C3B1893
S111789D00AE00001800AE41201673A33A6C32
S11178ABF01C3A6CF01CE6F3002287167A09F2
S11078B98C00001826FF9EE6F300228716BF
S11178C67A518C0045182600D3EDF022026D95
S11178D4F022E6F30022C12D261819F0221826
S11178E2024086ED86026DF022ED861AF01645
S11178F0180A4000203AE6F30022C12B26328B
S11178FEEDF022026DF022202919F02218026A
S111790C4084ED84026DF022EDF018CC000AE8
S111791A13B746E6F3000487B745B7646E82E0
S1117928E3828300306CF018E6F30022871629
S11179367A098C000026CAE6F016C12D263010
S1117944EDF0186D80CC000A1679CA3A6CF08A
S1117952143A6CF014ECF0203BECF0203BEC0B
S1117960F0183BECF0183B1673A33A6CF020C1
S111796E3A6CF020202EEDF0186D80CC000A4B
S111797C1679CA3A6CF0103A6CF010ECF02058
S111798A3BECF0203BECF0143BECF0143B160D
S1117998746D3A6CF0203A6CF020E6F017C1E2
S11179A62D2613ECF0203BECF0203B1675FC74
S11179B43A6CF0203A6CF020ECF0203BECF042
S11179C2203BCC00240672973B1B9A180080D1
S11179D03F8018008200001800840000201977
S11179DEEC823BEC823BEC8A166F4C16746D07
S11179EC3A6C823A6C82ED84026D84ED84ADB7
S11079FA8A2DE1EC823BEC823BCC000806B8
S1057A07729770
S1117A093B1B9ECD7609EC826D80E380B74670
S10D7A17E640878400C4041B843D8C
S1117A213B1B9ECD7609EC826D80E380B74658
S10D7A2FE640878400C4021B843D76
S1117A393B1B9ECD7609EC826D80E380B74640
S10D7A47E640878400C4101B843D50
S1117A513BEC80167A218C0000270AEC80831F
S10F7A5F0061C300412002EC801B823D4A
S9034000BC
